AKASH,54,733312746161,1970-01-01T00:00:00Z,AutoStake (Formerly BlockNgine) üõ°Ô∏è Slash Protected,akashvaloper1strxz39h5fapp7zvn5mvf8xm0ea9aajqjstv6g,2D9790447341F3371AD11B4B706332313CCE33C3
AKASH,71,463277990723,1970-01-01T00:00:00Z,Stakin,akashvaloper12fnzqmnja37mf2y9m6r3dleq5n3jkz7pfkpzmy,57F61959FF8A08562BB0ABA4921C5EF1B307DC63
AKASH,89,177892379260,1970-01-01T00:00:00Z,StakeLab,akashvaloper1dgxdep80th2qm8xxk8h3j3g93npsd3a8jg60gz,5E56A5D935A9529B8999E1291C64B0BA3F9FD663
AKASH,85,212803860272,1970-01-01T00:00:00Z,SkyNet | Validators,akashvaloper1zfcmwh56kmz4wqqg2t8pxrm228dx2c6hzh0ewm,A91C61892D3C453A57160EA7031E04C040440898
AKASH,32,937376802963,1970-01-01T00:00:00Z,Cypher Core,akashvaloper1t2ek3whhllrlkq44phrc729kpw7dg9wkfguwsr,5245F51EEB87311E0544086E64DF6E737AFA0152
AKASH,48,840527491304,1970-01-01T00:00:00Z,polkachu.com,akashvaloper1gp957czryfgyvxwn3tfnyy2f0t9g2p4pz5w0ry,59835DCBB6CE79F1D12B86702E8690E5F5C514E5
AKASH,95,120175490270,1970-01-01T00:00:00Z,ushakov,akashvaloper1nd8fjym90f6lqu25xkhqxp7h9f8fx0hq2we4vd,34131619A2265CAEAFBCCB9D88CCC9ABC890FD9A
AKASH,94,120518766343,1970-01-01T00:00:00Z,Smart Stake | 0%,akashvaloper1uckq4fddrwftu6pv4stsm9ffthxkgathezgznj,C3C730090BF75FC5BFDFBB4BD26589CF1C7B7487
AKASH,84,240673741728,1970-01-01T00:00:00Z,StakeWithUs,akashvaloper1c9ye54e3pzwm3e0zpdlel6pnavrj9qqvp4sl2q,DA250934D695A5A2457708F417F688FF8D9CC326
AKASH,11,2796279522567,1970-01-01T00:00:00Z,Citadel.one,akashvaloper1a4zxtnu9k0zpl6p5hmduc5zz7xrm2dz8vm2ey8,0218A7A051C04FEC85B4F92BFB00A8C4DA1A9BD5
ASSETMANTLE,7,6346219174330,1970-01-01T00:00:00Z,StakeLab,mantlevaloper1uy0q4859hw5f90peraexmdanyrt8tazz7vheg9,725CD7BD92A6E2817225D6CD16BF29AD50C541A7
ASSETMANTLE,73,1248596025,1970-01-01T00:00:00Z,ushakov,mantlevaloper13h9srekgcfhe9wvwuvwc4q5tu6sr0990t946dk,982867F3E12243DC854163BF25A27A6468B06C59
ASSETMANTLE,59,329288363233,1970-01-01T00:00:00Z,polkachu.com,mantlevaloper1gp957czryfgyvxwn3tfnyy2f0t9g2p4pmkjlwt,63B1E9B9E3354CC297F2DC6A378D243689528707
ASSETMANTLE,55,1256362943227,1970-01-01T00:00:00Z,blockscape,mantlevaloper1eufkuusyvgl4lxyhlh92lll9g0nzceylnacr22,1962B3C5F3AB1BE489398D57F39AB3C2CE21B117
ASSETMANTLE,11,5402730807628,1970-01-01T00:00:00Z,Citadel.one,mantlevaloper1y4ycv888ja5ya8qtw8mqe2l0fvt9amlfj9068h,02039198B6BD3B77CD478AFB558F0FF5A3B3F39D
ASSETMANTLE,30,1622389060329,1970-01-01T00:00:00Z,Cypher Core,mantlevaloper1pjmngrwcsatsuyy8m3qrunaun67sr9x7emgwgu,6B4C6878A12638E4206058905F7876F2154CF1BD
ASSETMANTLE,10,5605169426124,1970-01-01T00:00:00Z,"Frens (ü§ù,ü§ù)",mantlevaloper1ej2es5fjztqjcd4pwa0zyvaevtjd2y5waf2pqp,32DD5BDDEE28C7957A713ACFE2044724A9E886D3
AXELAR,33,9000000,1970-01-01T00:00:00Z,ushakov,axelarvaloper1sm3mh5pxqlzx6swmf2dspcvnz3zw3ptycqtg3s,85F3D82818E7BA6C639CB094664326F5001CF3FA
AXELAR,12,700008043936,1970-01-01T00:00:00Z,Citadel.one,axelarvaloper17q4fqv86dxkes384tnmrvjr9ljp2slunr6k00w,7EC661F40BEFD355FEF828AF6462E574F4759D0B
AXELAR,25,9900000,1970-01-01T00:00:00Z,StakeLab,axelarvaloper19dx6vywgr62jtsxhhlhlgh7ug5vmgjnz6dkeud,4338C4CDE85BFCF4F04E2ECBCBF7007DD93185FA
AXELAR,15,700007000000,1970-01-01T00:00:00Z,Stakin,axelarvaloper1uf7s2v44qqpe9lpnsjy6cfjueqytakuzayfg0h,3F9F551064F148AF6615C892C8E9E76262A9ED61
BITCANNA,79,35135250304,1970-01-01T00:00:00Z,POSTCAPITALISTüé©,bcnavaloper15dz9pjxqgzfz80fvkxscjksvz7u6r07x4k9esy,A843A78AA321DEF9C00A42C19FFB2CC3566BF890
BITCANNA,7,3975713251415,2022-05-09T17:53:50.264886643Z,StakeLab,bcnavaloper1r7up4azsnmprakycclqrh60phvq6zptq8lx8qk,CFEB6E0F6E740CA53A5175954CECEFD33328326F
BITCANNA,64,87960516263,1970-01-01T00:00:00Z,StakeLabz,bcnavaloper1hd3d5hf8qujw5pgwtytdyhdux2tc64mm8wc0rz,4425125B013BC59372E1EA2B4489CD2113BF9CC2
BITCANNA,8,3660721069744,1970-01-01T00:00:00Z,Stakely.io,bcnavaloper1gsq4dsxvgsswkgrsftz0k905rzjc0n2hv26xgj,46D296F905F6620AE0A20184F2E0204E8A0B2F78
BITCANNA,19,1639236785255,1970-01-01T00:00:00Z,polkachu.com,bcnavaloper1gp957czryfgyvxwn3tfnyy2f0t9g2p4pxqv0cj,05D973AF34987D2B100B4429BE7603D50B2E4B5B
BITSONG,27,538687536938,1970-01-01T00:00:00Z,Citadel.one,bitsongvaloper1knmj6ve4p4e2rl3wpj0rk9dswacr2swn75sc7a,7AB64AFB59D30B6F3ED0F7FD4D0FFEDFC4824E4B
BITSONG,63,144037020644,1970-01-01T00:00:00Z,POSTCAPITALIST,bitsongvaloper1slnkc2a8lhxgz5cc7lg9zlgzfedfpdve0rh2p6,DCF7EB97CA59EF3D78EBD63AD1949CC181A2B3F0
BITSONG,6,2011010626412,2021-05-22T02:10:51.143243252Z,StakeLab,bitsongvaloper18wf0w252jxk3kgl5vlst8ttat8xzfnvejuftk2,81DF8A363460F9E165B8649FD78C66A7FB41689A
CERBERUS,12,1129152529904048,1970-01-01T00:00:00Z,StakeLab,cerberusvaloper16cfkt9n0pcftg0ky3rk9aegqdp383uwge38rdl,A3B8563433251C288BDB84DC81EC0DA8E95CFCB1
CERBERUS,50,93329973523906,1970-01-01T00:00:00Z,ushakov,cerberusvaloper1anv73lqkxty5047fz9sh42zyzcn5lvdlgeyan3,01D8F93B7CD8A5EA145B54E5213476E7F2603F01
CERBERUS,15,876009884974631,1970-01-01T00:00:00Z,Citadel.one,cerberusvaloper16rzknyz8xwcvt5eaw7g0kh0fv2rsa4naeqmugz,09453B93077413DC0BAEC6F0E6873E086750C6C3
CERBERUS,32,244036457211742,2022-08-02T15:10:26.181698993Z,SkyNet | Validators,cerberusvaloper1r34mlqewsxrde38vp3tzwh3rk5vt6ez0slzuvu,E2D1F293AC89ED3709E40CDCF3E16B836058D7C9
CERBERUS,3,1878342189074902,1970-01-01T00:00:00Z,"Frens (ü§ù,ü§ù)",cerberusvaloper1ej2es5fjztqjcd4pwa0zyvaevtjd2y5w2yl7tt,7413282DF95088FDEF7384BE02D015E63C3379B1
CERBERUS,85,23899157473294,1970-01-01T00:00:00Z,POSTCAPITALISTüé©,cerberusvaloper1y2et2epdgt4f2mn5wfvlnqe4x6tmg5gj4fp4ut,554A13DC021B0F95EE70EBBEAA4B82BBEC297619
CERBERUS,20,734740891354355,1970-01-01T00:00:00Z,polkachu.com,cerberusvaloper1gp957czryfgyvxwn3tfnyy2f0t9g2p4pvm8q9p,3EBC56B5EC8223B47FB51024BAE511DBF3C81B2A
CHIHUAHUA,87,66586368002567,1970-01-01T00:00:00Z,ushakov,chihuahuavaloper1anv73lqkxty5047fz9sh42zyzcn5lvdl3drqw6,7E9682AE3790902551B2C746763C29015A4BFEBF
CHIHUAHUA,10,877458617106162,1970-01-01T00:00:00Z,"Frens (ü§ù,ü§ù)",chihuahuavaloper1ej2es5fjztqjcd4pwa0zyvaevtjd2y5wnscrkq,CEC429DA951DCAD0C03E37505C2CE4CF040D5833
CHIHUAHUA,72,82906951632732,1970-01-01T00:00:00Z,SkyNet | Validators,chihuahuavaloper1y6m72uxs6hhsudxqpq73rsdgkjh6nhkqef8pej,BEEDFF48418C701AC3AFE0A86868F11B49AD52D1
CHIHUAHUA,6,1421137218512957,1970-01-01T00:00:00Z,StakeLab,chihuahuavaloper13c2hcctczy695gfs5gc637tc844n6a9unlkaqv,30EB933CF1FEAD4C67A4EB342088E0BAE1ABC9BC
CHIHUAHUA,5,1511316626138276,1970-01-01T00:00:00Z,Citadel.one,chihuahuavaloper1rgtfvfwx6kpf2vppur8l5g4y2c4acj74xzw6af,DE5DF6A3D73880AAF252107CAA6BBDCA5D1551EC
CHIHUAHUA,95,60127038326581,1970-01-01T00:00:00Z,Cypher Core,chihuahuavaloper1ttm7cd2varmwqvfd7slfkc0cfv0c67rae3nmyd,7DE8E615F57C14A4E85BE670DA3639C18AD97031
CHIHUAHUA,3,1682056794734380,1970-01-01T00:00:00Z,polkachu.com,chihuahuavaloper1gp957czryfgyvxwn3tfnyy2f0t9g2p4p40qac2,4009593108CEC2222D4113D2BA812D6D66C7F9A6
COMDEX,18,1596439004484,1970-01-01T00:00:00Z,StakeLab,comdexvaloper1gfe4f7urf866xte5cpmkgsw7q2u97qj06ldtj3,703A7D24EB94C2E4961C2A56DCA57349C97164BE
COMDEX,14,1817050707264,1970-01-01T00:00:00Z,Klub Staking,comdexvaloper12lmnmx83p5lcndvl0zrks3fqk3wspqm0hjtzzz,A81146BE340A55E8DE0B603F44BA68B710342498
COMDEX,45,791677521027,1970-01-01T00:00:00Z,AutoStake (Formerly BlockNgine) üõ°Ô∏è Slash Protected,comdexvaloper195re7mhwh9urewm3rvaj9r7vm6j63c4sd78njd,959E058EE0BBE0B3F51A9E0838203F4AA166373E
COMDEX,78,79763677059,1970-01-01T00:00:00Z,blockscape,comdexvaloper13x77yexvf6qexfjg9czp6jhpv7vpjdww8gmu7y,ABD56E89A1B2A563352D908FA6C1DFF15731A6D1
COMDEX,11,2111165430162,1970-01-01T00:00:00Z,StakeWithUs,comdexvaloper1vj0ntz8qk9pxk7xt3n0ukdkt86j3epnva2ag7p,06F5399123CE6B8984B79457813A3C6C05F48BD2
COMDEX,49,640212659417,1970-01-01T00:00:00Z,Stakin,comdexvaloper1g6zz4d7j6fvxy24nsqkjrcxqrt7hwp6p6hws7c,A83DFCF82FC8D623CE1D3FB638FBC046A8417535
COMDEX,33,1446285896632,1970-01-01T00:00:00Z,"Frens (ü§ù,ü§ù)",comdexvaloper1ej2es5fjztqjcd4pwa0zyvaevtjd2y5wh2dqrg,F6E9E8EDFE3D48185F564146224826FEF5313C9F
COMDEX,23,1570170589728,1970-01-01T00:00:00Z,Citadel.one,comdexvaloper1glgnuuckrkcvl90uk0ute8h0y4gdp5u8s0ahnt,30D9E76ABAA89049F4D0A985BC2693937CAEBCC1
COMDEX,42,909234879414,1970-01-01T00:00:00Z,polkachu.com,comdexvaloper1gp957czryfgyvxwn3tfnyy2f0t9g2p4p3447dz,D52ED6D9882E46F03DDADBEB7D11477DF6B13937
COSMOS HUB,128,140839750619,1970-01-01T00:00:00Z,polkachu.com,cosmosvaloper1gp957czryfgyvxwn3tfnyy2f0t9g2p4pqeemx8,DF9283DA25B296426E97438614D1C62DC1019D84
CRESCENT,36,16196733638,1970-01-01T00:00:00Z,blockscape,crevaloper13x77yexvf6qexfjg9czp6jhpv7vpjdww4vsxp4,B61B83F06CFF787C2C502A2FB4D3452180ACF37B
CRESCENT,34,16957586465,1970-01-01T00:00:00Z,Stakely.io,crevaloper1wr0l9tnw3rsmk9tyqr707tta40f7qh2m7ueyq8,C2EF15A336F77A203B99CE2EE088E4D9FBBFC20E
CRESCENT,17,68524830061,1970-01-01T00:00:00Z,polkachu.com,crevaloper1gp957czryfgyvxwn3tfnyy2f0t9g2p4pr37yjn,A38343D6430B53CD2971D2F34FEA90F2568A32CC
CRESCENT,13,114102384945,1970-01-01T00:00:00Z,StakeLab,crevaloper19mt7qa5pralxre8j9v0wae2kvncv8qcghv0chf,E0FDE0660C62ABB3F05F30D28113EBD0E85C88C3
CRESCENT,24,29535719984,1970-01-01T00:00:00Z,AutoStake (Formerly BlockNgine) üõ°Ô∏è Slash Protected,crevaloper1gkf73mx4zv3ggrf4kuc3v8jm5yv4s0jtrqzkvd,812F75758B0D8819AFBFCDF0B1820F1B9C9A037D
CRESCENT,37,14305092385,1970-01-01T00:00:00Z,Bro_n_Bro,crevaloper1c96vvme4k42zlvkc56fslmdpa2qj6u80xvqwau,F9C46C746C0988A4C8ADEE8193CE09B92108CBE4
CRESCENT,55,1373001000,1970-01-01T00:00:00Z,Genesis Lab,crevaloper17zw2jx6jjfah60pycklvqfnm3qaxd7kqzafglc,548D0B5BC7E22480817C6A4F6826B4E8272647AC
CRESCENT,33,17122247854,1970-01-01T00:00:00Z,Cypher Core,crevaloper1pjmngrwcsatsuyy8m3qrunaun67sr9x7puy45y,833E0EFB96341DA7F094FE73F9FA09BCF9FE6AC2
CRESCENT,15,73458744187,1970-01-01T00:00:00Z,Citadel.one,crevaloper1fdvy6rl6yz44hagtmah25g4vvxd76gh5t8mu8e,5E98F59B6B3C756E59F35907A55ACB2720401158
CRESCENT,44,8223763913,1970-01-01T00:00:00Z,Stakin,crevaloper126nxgyruw03fyr3rmxg76squcy08pjtm9zkl5d,96DDF22BC6DCC7CB3A53CFC84F93A9200D2277A4
CRESCENT,32,18746145689,1970-01-01T00:00:00Z,Smart Stake - crescent.smartstake.io,crevaloper14asv5wwupex5gz6sxtga487r6tf3vdnkl689mu,98F0FEC67F73874F3B2E47047CB7D62B397369C1
CRESCENT,16,69257647465,1970-01-01T00:00:00Z,Klub Staking,crevaloper1ye8mvp8z4zskj98vfr95sawg7wtpsp027np6df,164A528AB1F9FCB1D5BF051A31027009233CB354
CRESCENT,20,47597548751,1970-01-01T00:00:00Z,ushakov,crevaloper1l4crve2ng0zeg0yjxuhuzvxkvzq4g38p4536l8,3DE13691A164D28715AC3DBF355240A7F2CDF2C1
CRESCENT,25,28439420208,1970-01-01T00:00:00Z,"Frens (ü§ù,ü§ù)",crevaloper1ej2es5fjztqjcd4pwa0zyvaevtjd2y5w9wx6ue,7C45532D3F594E00D4AE693A95DE7219B5102639
CRYPTO.ORG,88,387328546639042,1970-01-01T00:00:00Z,Stakin,crocncl18nc2zx5rs7jwm7dwk5gvelul2wer8zfykfmg8h,5714915F131F2FDA0E5162F7AACAF761064F8370
CRYPTO.ORG,14,10052292469560912,2021-03-28T08:53:30.365967897Z,Smart Stake - crypto-org.smartstake.io,crocncl1s3hd63shz3q3vca8ajptewv3zt7jg6ed9kk2zr,82F8FB080ECECE729062765DB68970D83CD1C980
CRYPTO.ORG,112,12542684945228,9999-12-31T23:59:59Z,StakeWithMeisSORRY - 0%,crocncl1wfnh55nu7xz7lnt6670ad4ff8a7jucg0xch735,3CFC935DC6B4596289FE215E9A9B81C4520B7FE8
CRYPTO.ORG,64,519436636926352,2022-01-13T10:37:10.197225855Z,Stakely.io,crocncl1tkev46yqrjzrjzrqtty30ex68eja2zcltyq2vj,C1313A56893E2EF2229AC502CB92B50C696FA45D
CRYPTO.ORG,87,393027152994207,1970-01-01T00:00:00Z,"Frens (ü§ù,ü§ù)",crocncl1dctmve6z0kyjghfcpqqrvlfc7axa3vwaywuehc,AC8C4047A5A932C0C7246BA8F5C1EA52F20E7F1F
CUDOS,11,27689054554678677251108619,1970-01-01T00:00:00Z,blockscape,cudosvaloper1lspahzx79erfkqpyfzc8q37r4yu6j288keup9j,6239A1722DE0F178E6F5816E9EB93CCDCDD6ED82
DESMOS,51,632873191259,1970-01-01T00:00:00Z,POSTCAPITALISTüé©,desmosvaloper1426d5fh2jvvr8gervp523698lqsxlwuhyl704z,DD05724D3D0D8CAD3183B7F6C9C87EA6CA43D0E3
DESMOS,25,1299119185646,1970-01-01T00:00:00Z,Stakely.io,desmosvaloper1s5gnmccngltteh6ugtsz7fdrykc294tnw2e7pz,9D28DAA4A8A15BA6F3A99BC10465C901BC0617E3
DESMOS,39,822573247522,1970-01-01T00:00:00Z,blockscape,desmosvaloper1dqcs9cgw2mv696je4579w7ulexyges73rneysl,204168DD3F4535F78AA15C5B7DA2E9ED39C719CA
DESMOS,32,1050198263969,1970-01-01T00:00:00Z,Bro_n_Bro,desmosvaloper1sykf8q94l8q8mqstf64ptuvp74ueyehxpgcq76,F5CC040F4BF0FE47CDAFE4AC10BED2971E1D3C48
DESMOS,10,2116096820880,1970-01-01T00:00:00Z,StakeLab,desmosvaloper1lzzctd3a839xxk7vf4cwuhcvgcnmxrhrx7d92e,90CF5A18F870B6E16301B5E42EEDD489F26DF135
DESMOS,20,1484148700390,1970-01-01T00:00:00Z,SkyNet | Validators,desmosvaloper17ue85ck027c4grv7nuks7k7p4fqnlc55uqhskj,AA03F47DDD72BE2E41E6A4653E78169102A75CF9
DESMOS,34,966302031081,1970-01-01T00:00:00Z,Stakin,desmosvaloper1567u3n4q6j0zm5mkgtqu9t7eq4g5pr5se74mr9,F8E47AC7C03F602EF5E6D5CDD57B70D57A13CE3C
EMONEY,50,364941983800,1970-01-01T00:00:00Z,AutoStake (Formerly BlockNgine) üõ°Ô∏è Slash Protected,emoneyvaloper1z0cwp2wezmaehlhzdmqpx55vhxupuk52d7ucjy,B3CA47EB7725DC2DF75BC54530718709559BE4E2
EVMOS,45,262981473718411761868969,1970-01-01T00:00:00Z,polkachu.com,evmosvaloper125fkz3mq6qxxpkmphdl3ep92t0d3y969xmt8hz,B6C3DB906FAEF2C8758D1881386E615E8432A91C
EVMOS,4,2475164392963905763941219,1970-01-01T00:00:00Z,"Frens (ü§ù,ü§ù)",evmosvaloper14zatq4jagqtm9ejgvglnv0t364d88u80futp65,76692115F93AE444FA857C7BA963F125D8C2E6C6
EVMOS,107,63244751189477219771605,1970-01-01T00:00:00Z,blockscape,evmosvaloper1sx5qerxjzthnjzne7wz4x6ml4envjehvwtx8c7,21252C2C48004BB70FAA14F9077DCB1CECA9AE92
EVMOS,176,2469404433584774744304,1970-01-01T00:00:00Z,SkyNet | Validators,evmosvaloper1u77wfdmv0gj30z0y3wcmdja026vtwjlcsx8mrn,E79EF124C55178DBE93EB0A99DAEC393C7BB77B8
EVMOS,7,1693543918674403863309547,1970-01-01T00:00:00Z,Citadel.one,evmosvaloper1p5k54qk9jdamvw4r756g7dxsjarf6p0l3huk84,F2F7F5FC0E505FED0DB3306A669DA888E669959C
EVMOS,28,470376353133463425241120,1970-01-01T00:00:00Z,Bro_n_Bro,evmosvaloper1ce4vh0e5kanlgc7z0rhcemvd8erjnfzcyfecl7,6C563B1CEEC386D9A33547B5ADEA62074A3AE442
EVMOS,81,95259939958955104188465,1970-01-01T00:00:00Z,Stakin,evmosvaloper1sq9ggymzx02vcp7kf6yyar83scfm4r22swu673,5000FB04E89458D6E885228B3140EAE82EA44BAC
EVMOS,139,45566126697730599266436,1970-01-01T00:00:00Z,ushakov,evmosvaloper1ffvhfte7wgc3sxy2msp423xlgj9ja4mfatusy0,ED775B53EA2BE33EFF09956DC0B9CE02E3BEBD04
EVMOS,31,418635979675401154103515,1970-01-01T00:00:00Z,Stakely.io,evmosvaloper19fxanpnjlggzuur3m3x0puk5ez7j9lrttexwsw,87EEF8BD85692D68C1632A4AEFCF642E62B4D741
EVMOS,33,398408977796645430492452,1970-01-01T00:00:00Z,AutoStake (Formerly BlockNgine) üõ°Ô∏è Slash Protected,evmosvaloper1shvcjzhcxau6qtlz9w82a646ecwp4hq7ayqt0w,9B7E37F58B238B506032605B8A8B3D5932021117
EVMOS,104,64527527258058458788319,1970-01-01T00:00:00Z,Smart Stake | evmos.smartstake.io,evmosvaloper174jlcery04j6r7wgvequeysruyjlhtcmlhnhy2,7D0F17256D6B22C04E7EC7003834F5BC8A3AF144
EVMOS,43,274612814134333330034668,1970-01-01T00:00:00Z,Klub Staking,evmosvaloper1rvsmc4k7ay8hc6nlz50lw8hskygvdptmwr3rdl,62C599C2F224C27260CB7C20B479F0E77016C4DE
EVMOS,46,262448490743024617465764,2022-05-23T02:02:58.473667020Z,StakeLab,evmosvaloper1f6m9d94lkenw9fy5wmytatt76l849kx6ugdz70,43B7ABBD8A7DDC5C248E14E19EB8CE0C33FAE04A
EVMOS,74,114844305310030837606981,1970-01-01T00:00:00Z,Cypher Core Remix,evmosvaloper1rw4nendrehkr5tkhjswzy8ts97dvwg7rc0u0kp,BEDEFD2B663C7DDDB52D12F97D5F7C8B420E7BC6
EVMOS,58,175381634686159430275129,1970-01-01T00:00:00Z,StakeWithUs,evmosvaloper1jxruqmfurgxrem4phvaqxkvprxa6fr0ncg3t88,EC470FD9C84B401A4F152BFB4F19734013CD1A26
FETCH.AI,24,3376001272692801460836464,1970-01-01T00:00:00Z,"Frens (ü§ù,ü§ù)",fetchvaloper1ej2es5fjztqjcd4pwa0zyvaevtjd2y5w4trh4w,21B6BF18395236FDBE005EA778ACE3EF0C343D19
FETCH.AI,44,416228266196321980255127,1970-01-01T00:00:00Z,polkachu.com,fetchvaloper1gp957czryfgyvxwn3tfnyy2f0t9g2p4pn5mfmy,16AAED34868E0A5FAF47744FE0041C885E08D30E
FETCH.AI,51,136512477538053143897553,2021-09-17T07:36:43.177013115Z,blockscape,fetchvaloper1zurz6kfq5hrjdcwpzhz25g78waeud3lk60pj8a,61A91C6B7C37C3594A6C427D7FA6A65BEF8466E4
FETCH.AI,34,1702997855541744206055463,1970-01-01T00:00:00Z,StakeLab,fetchvaloper1mr8tqsr3cjp4vh30j8h32uluh5nhnjnh8lkef0,FA2EDF8CFD6791E6A2E886A195095C7FEB7EF9A0
FETCH.AI,20,3957442620031468545116137,1970-01-01T00:00:00Z,Citadel.one,fetchvaloper169hpfaau6ey8avzr6dk30f2y6j3gv8x5ds9657,9EBC7EF8F41053282A441020534008BA87A30CBF
GRAVITY BRIDGE,82,1210381454979,1970-01-01T00:00:00Z,StakeWithUs,gravityvaloper1lc9etukld9c2yhs3y03037ezffyudl0fdd9gny,D1173DB0442EB3B5C131AF265B80ECAC5C27F49C
GRAVITY BRIDGE,14,22831849667220,1970-01-01T00:00:00Z,Stakin,gravityvaloper1haznywsf8l60xftvkgl79dstyuw3vw5x0v7kgn,39A518964A9130BA4832C06397E26F0B2C529001
GRAVITY BRIDGE,9,27249217983390,1970-01-01T00:00:00Z,SkyNet | Validators,gravityvaloper1zfcmwh56kmz4wqqg2t8pxrm228dx2c6hs487gh,034E7B91239423D3E902F6DD7B2A50EEB34ADF97
GRAVITY BRIDGE,24,13056619262652,1970-01-01T00:00:00Z,blockscape,gravityvaloper1pwxk989lc74wfysdm22mceeahm83e52nv6xg8m,D98A2661D6FEB218F896D91DA870D6073A288828
GRAVITY BRIDGE,140,206490315322,1970-01-01T00:00:00Z,Cypher Core,gravityvaloper1pjmngrwcsatsuyy8m3qrunaun67sr9x7jmuerl,BBE9D7B054B28249F46335904B76D64E4427FB8D
GRAVITY BRIDGE,32,10449999100226,1970-01-01T00:00:00Z,StakeLab,gravityvaloper1d63hvdgwy64sfex2kyujd0xyfhmu7r7cgxt5ru,7F40C07D8DAFDD91FBFD2BD671A5D15ABD2F3258
GRAVITY BRIDGE,55,2790729913685,1970-01-01T00:00:00Z,Bro_n_Bro,gravityvaloper1vyd4k5j636erx5y5kdqghdu3rfjtwc48vdc7r6,1AA30CA27AC3B8A32CA5B410075E93D588ED5172
GRAVITY BRIDGE,40,6516319447806,1970-01-01T00:00:00Z,ushakov,gravityvaloper12nad8r47suff7k64v53w4x3hq09rznyc26msuz,E0658B10B826E27FBC9AD781E0B904FCAAE5A3BC
GRAVITY BRIDGE,44,4227214019813,1970-01-01T00:00:00Z,polkachu.com,gravityvaloper1gp957czryfgyvxwn3tfnyy2f0t9g2p4pskxg9g,F428DA746A8F14B5C25D523F943F64504713D27D
GRAVITY BRIDGE,153,101899088689,2022-07-15T03:02:50.817450377Z,POSTCAPITALISTüé©,gravityvaloper1wqe87574pzjdn5glrtr2h75r233tct73zgw524,81CBDBAFAE91984C73BFA614A000FC6376887771
GRAVITY BRIDGE,23,14521347062198,1970-01-01T00:00:00Z,Citadel.one,gravityvaloper1nyj09trs40txcmemjsqy2l8f0lkga93esgtw02,E16F5800D5108F9B360D03450E59CFF80D5F83C0
JUNO,36,326042000060,1970-01-01T00:00:00Z,Bro_n_Bro,junovaloper1quqxfrxkycr0uzt4yk0d57tcq3zk7srm7sm6r8,71D07A7BA468ABC50B234F93200F4D91B4AA784A
JUNO,78,110289687375,1970-01-01T00:00:00Z,Cypher Core,junovaloper1pjmngrwcsatsuyy8m3qrunaun67sr9x7w0ztsx,640B7E370FE54961870389E2BE27F616E72CDB16
JUNO,23,417227553674,1970-01-01T00:00:00Z,Klub Staking,junovaloper1wszlc0l5tfh37mq24009pzf24mavlkx4p97jjz,213643E026A49E93FAB4E53D54C18A77F9B651B1
JUNO,74,120812035211,1970-01-01T00:00:00Z,Smart Stake | juno.smartstake.io,junovaloper1wj4jhrll90knap3vt8z4qs5rrm9cla2kpc5944,CE7B52696BC06193E36BFB10E6CC0A3561D837D4
JUNO,107,80134421450,1970-01-01T00:00:00Z,StakeWithUs,junovaloper1c9ye54e3pzwm3e0zpdlel6pnavrj9qqv0rx2l4,71BDF6B1FBF997AD1875B74F4796CD3D6A5F6D69
JUNO,7,1062899733995,1970-01-01T00:00:00Z,Citadel.one,junovaloper1lzhlnpahvznwfv4jmay2tgaha5kmz5qx4cuznf,A50CF609192A6CF1C6835D56274D18B30459425E
JUNO,60,168705057052,1970-01-01T00:00:00Z,Stakely.io,junovaloper1hx9yj7qgnp8zhkrqfanvz74mcsg9d8eyskvsxg,C0CA289D913689AC0A9450375E4208F473FD5A2D
JUNO,46,251744306011,1970-01-01T00:00:00Z,polkachu.com,junovaloper1gp957czryfgyvxwn3tfnyy2f0t9g2p4pvzc6k3,011CA32A120D5F8007BE9D2AA60C1C7AE8F02634
JUNO,10,729936990559,1970-01-01T00:00:00Z,"Frens (ü§ù,ü§ù)",junovaloper1ej2es5fjztqjcd4pwa0zyvaevtjd2y5w2aqycm,6D2B3AC0DEC4412CA87714E1F1B1BEE882E62F5A
JUNO,59,171993334345,1970-01-01T00:00:00Z,Stakin,junovaloper1xdywquvz5g6r5wv6tpkj6chad0fkk459gf9ny6,3B7925E257959679621E750F69FE97277B8DD9FC
JUNO,51,208941467940,1970-01-01T00:00:00Z,blockscape,junovaloper13x77yexvf6qexfjg9czp6jhpv7vpjdww6lkc9h,10DED706EFAE3E176E39559EB9927AC30DB1F0E8
JUNO,55,191627000266,1970-01-01T00:00:00Z,StakeLab,junovaloper1la7th9kc3gdltl53cedxxqpkyk5runudrzwx55,FEE0233B3771EAEB26617E367138A0A6EFAA79B1
KAVA,16,1554173718332,1970-01-01T00:00:00Z,StakeWithUs,kavavaloper1c9ye54e3pzwm3e0zpdlel6pnavrj9qqvh0atdq,CEC7DBB2A51DFB8B98CCA86F749AD50DED845AE9
KAVA,48,163359586151,2022-06-05T09:12:03.791656299Z,StakeLab,kavavaloper1gd5hf545caremavv28apr9mzf7f7ns395c27mq,208882AC55299E529A03F39C8F1B5CFD16596C9F
KAVA,28,523557872036,1970-01-01T00:00:00Z,Citadel.one,kavavaloper17u9s2fx5htqdsuk78hkfskw9s5g06tzqyl2m8j,904FC4A2431DBC85CB3444D8B3B069CF77242712
KAVA,11,2071750092606,2020-12-19T06:55:25.706549517Z,Stakin,kavavaloper1dede4flaq24j2g9u8f83vkqrqxe6cwzrxt5zsu,6DEA0A253A59FA6526EC622B6B3B87AA8B5FE596
KAVA,41,224058097757,1970-01-01T00:00:00Z,polkachu.com,kavavaloper125s8t5c6ypwee7ytun90lnhgpls2zl3vta43aj,974A239562D100506A23FE6A3E8B47BED30AD61B
KAVA,61,52717951596,2022-08-05T16:54:13.167543253Z,Genesis Lab,kavavaloper1uvz0vus7ktxt47cermscwe3k9gs7h9ag05sh6g,E500CFDD070CED3172554EF55B93127A0E41D13D
KAVA,43,209768378324,2020-08-18T08:50:41.380204711Z,AutoStake (Formerly BlockNgine) üõ°Ô∏è Slash Protected,kavavaloper1hztgl202pvetspxch0pcchaqzrduw4qq64q08u,C4F7C3E4A5058CCF1EFF34C207CB287A7DE71182
KI CHAIN,12,10241812914543,2022-06-27T18:06:24.849631410Z,StakeLab,kivaloper14g4ztk36q529vx8ash7y8hr047kgzxlvyh2ch5,22770E48EF1F4A2DDB16F1FAD67F357E97728A33
KI CHAIN,38,1479652915062,2022-04-13T06:59:13.269808812Z,polkachu.com | 5% fee,kivaloper1gp957czryfgyvxwn3tfnyy2f0t9g2p4pq8jud7,904B4C45C46798A52D0A0B7621F4B0707A0DF109
KI CHAIN,1,82944889467043,1970-01-01T00:00:00Z,Klub Staking,kivaloper1wx78v65ppxvgnefhfryc8ksja2hqzksmmh53au,FBFC69F75FF8F41F396637B68F4DD8348905300B
KI CHAIN,10,14725454624067,1970-01-01T00:00:00Z,Citadel.one,kivaloper1umjuwrcn0vdx6w7nxaemv9s6ds0w860k5nrfyr,14235AC305C67DA216E9F5404D1DF5D89BA2DC8D
KI CHAIN,96,1499000000,1970-01-01T00:00:00Z,POSTCAPITALISTüé©,kivaloper1tpjzxf34mm2kyt5t9w06tpe47d4d6mn7w09j2c,D213A5B200B90C9029EC1F8702B91D962C256C21
KI CHAIN,49,815091854955,1970-01-01T00:00:00Z,ushakov,kivaloper1jq2td2667h5aqdxa5347g9lpxftfj8zpj9g28j,824FAEF48B67FA81C19B4F4020DF16C106CE108D
KONSTELLATION,12,1664974228177,2022-07-27T06:37:17.487664395Z,AutoStake (Formerly BlockNgine) üõ°Ô∏è Slash Protected,darcvaloper14kuh954mw4xp7gz5kvr3vtul0lpz5xt3tecpep,C397C8DE55FEDFF149E955EBA1548B416372C0D1
KONSTELLATION,4,6563802322649,1970-01-01T00:00:00Z,Citadel.one,darcvaloper1yu5nqdp8pdtz9q9n6h2wt6h5vsk9qhhsq92xn3,6E1C3994C0683257F06A5C85404A579E2DD56700
KONSTELLATION,13,1494529290808,2022-03-11T12:28:10.381919222Z,StakeLab,darcvaloper1pk8e47hdlw9mtnphz3klhkeed8wlq8gwjw7m0w,504D1C54CD2BBAE30227CBAFDF1D44C1643120BF
KONSTELLATION,3,24858387569560,2022-01-30T20:07:36.301635946Z,polkachu.com,darcvaloper1jt9w26mpxxjsk63mvd4m2ynj0af09csldy6sgw,5F02787E9DC9AF08D682DBB502C1E1BAA1777C92
LUM,12,81936219414075,1970-01-01T00:00:00Z,StakeWithUs,lumvaloper1c9ye54e3pzwm3e0zpdlel6pnavrj9qqvv38ydq,E29AA3D5FF0994B607D6849AC9DA9298583ABFE0
LUM,112,15933547878,2022-05-01T01:26:53.749159711Z,POSTCAPITALISTüé©,lumvaloper1zyl7dvudl9kvdx8qx30q37fhtauldayw5gf24r,7BCFDC2FE2CC931798DA346A027B985CE9DE440F
LUM,60,1393746423107,1970-01-01T00:00:00Z,blockscape,lumvaloper13x77yexvf6qexfjg9czp6jhpv7vpjdwwedhkhz,9EC766F72CA35D7164588B60F6CAACF874C88EDC
LUM,1,255080495552647,1970-01-01T00:00:00Z,Klub Staking,lumvaloper1yhaswwgg5tz7veknxwaj8vc8rfa9s0nagpmn2t,4F18ED31F8C88ECFFD6CF6E72F56D6C28683B9E7
LUM,2,214481901048666,1970-01-01T00:00:00Z,StakeLab,lumvaloper1axqn30kead92gdsg7pusc6ezxx8ltq465r3hv3,32A06E6C5B0E6DE6637EED87D586391A1869A6B0
LUM,64,1262639200146,1970-01-01T00:00:00Z,Cypher Core,lumvaloper1pjmngrwcsatsuyy8m3qrunaun67sr9x7dar9zn,970B6CE7201F9FBFB07B4BB437193255E11070C7
LUM,31,11502213711494,1970-01-01T00:00:00Z,"Frens (ü§ù,ü§ù)",lumvaloper1ej2es5fjztqjcd4pwa0zyvaevtjd2y5wf0p22w,6D8980C287C2FE50D0C08AA624429B77CF272330
LUM,20,55892026947567,1970-01-01T00:00:00Z,Stakely.io,lumvaloper1zs59ua4l0h6a2hnh08v8qn76f6qh7uxc22vey5,8CA2E017954C7B3B8770082837C00E5AC9261835
LUM,28,12964928819265,1970-01-01T00:00:00Z,Citadel.one,lumvaloper1vujcasxr8nh77yv20dw4lgdkkrkk7krvss8xhh,725FDB378293954A5585D1889AF44BDC88E6BE7D
MEDIBLOC,41,382206089784,2021-10-01T19:43:40.125860647Z,StakeLab,panaceavaloper1tfu4t4c0pywlh8d2g2u3d5xnsxdec8x5hacum5,3463DBC1A681C049F94B40DD0B3F01DA0E4E6C67
OMNIFLIX,57,10000000,1970-01-01T00:00:00Z,Stakely.io,omniflixvaloper1u0ch8y4ts6qxaqgw5h05mvtca0zq9rtfdwpytm,2A7CD3E4433CABF41837A812AB2307A84DA4A243
OMNIFLIX,35,10000000,1970-01-01T00:00:00Z,stakr.space,omniflixvaloper1vcjmshcst9zjh4pydsvqdssg86nzheykssjh5m,7A1FCC71050E63A84ED84F1225CBF84D583E5BA9
OMNIFLIX,33,10000000,1970-01-01T00:00:00Z,ushakov,omniflixvaloper1t8kzp6ctza92fv25g6nrqq9sha9gq828jvwlze,2985FD568F172FA253922668948BDD55DBC5F1D3
OMNIFLIX,52,10000000,1970-01-01T00:00:00Z,Bro_n_Bro,omniflixvaloper1e8grpphncncw9hrutyvnlv77n5dejwcne58zk4,D57D36210C86BADC549BDEC48610D1A9A43027F1
OMNIFLIX,26,10000000,1970-01-01T00:00:00Z,Klub Staking,omniflixvaloper1p0mwlwed3fmclupzcyf9vept3uksut4mrljhck,F1B5BFA59F5DB8367B20650948B31A306E2E0A53
OMNIFLIX,46,10000000,1970-01-01T00:00:00Z,SkyNet | Validators,omniflixvaloper1nrqnmd2g5s4e974n9fxn8t6e83lh6yxqgzlv4r,C66BDAEF9175A61B4247C80374D080589E4D61D8
OMNIFLIX,24,10012500,1970-01-01T00:00:00Z,StakeLab,omniflixvaloper1pzkx9p2upmrrscwxvwgrmvmfrgcnfskxfzm3z0,5560DC18DC6C3797EF8A575BB01A2B058C8E0984
OMNIFLIX,63,9000000,1970-01-01T00:00:00Z,"Frens (ü§ù,ü§ù)",omniflixvaloper1ej2es5fjztqjcd4pwa0zyvaevtjd2y5wn7kgjg,138BA808E1806F62A4AD20EA37B0334FA9A9964D
OSMOSIS,104,284308822051,1970-01-01T00:00:00Z,ushakov,osmovaloper1crg24mgm8l3qe7ej9l8t7tsttp40aaas4xmkhx,8014BA212ED388597510D064258F5E30AA30D591
OSMOSIS,97,315490507889,1970-01-01T00:00:00Z,Cypher Core,osmovaloper1pjmngrwcsatsuyy8m3qrunaun67sr9x74vvvdk,E242DB2CB929D6F44A1A2FE485CC7D3F620FFAEB
OSMOSIS,85,393883385830,1970-01-01T00:00:00Z,StakeWithUs,osmovaloper1c9ye54e3pzwm3e0zpdlel6pnavrj9qqv5qgdz9,3E88E7C54F64642A98B2E1DDD5BDBA48794F06C7
OSMOSIS,91,350574546310,1970-01-01T00:00:00Z,blockscape,osmovaloper13x77yexvf6qexfjg9czp6jhpv7vpjdwwpuclc8,9496535A8F2945BDB60572015D2D6F721AB6FED9
OSMOSIS,13,3588942550608,1970-01-01T00:00:00Z,Citadel.one,osmovaloper1lzhlnpahvznwfv4jmay2tgaha5kmz5qxwmj9we,99063B919404B6950A79A6A31E370378FE07020D
OSMOSIS,98,313816522453,1970-01-01T00:00:00Z,Stakely.io,osmovaloper1z5xyynz9ewuf044uaweswldut34z34z3cwpt7y,C9E615289D1D92E50292C3B0BD8358D9B2E40290
OSMOSIS,43,1103297445169,1970-01-01T00:00:00Z,Bro_n_Bro,osmovaloper13tk45jkxgf7w0nxquup3suwaz2tx483xe832ge,63481F6DCAAF733D2FC953A335C2200EE190862C
OSMOSIS,66,651996013561,1970-01-01T00:00:00Z,AutoStake (Formerly BlockNgine) üõ°Ô∏è Slash Protected,osmovaloper1pxphtfhqnx9ny27d53z4052e3r76e7qq495ehm,68A393C7ED496871150C0A7CAD0CAC09B8E458FB
OSMOSIS,44,1075381538607,1970-01-01T00:00:00Z,Smart Stake - osmosis.smartstake.io,osmovaloper1l7hln0l79erqaw6jdfdwx0hkfmj3dp27gr77ja,95B002DE67707313D123D06492F1A7A58478E546
OSMOSIS,125,181637969560,1970-01-01T00:00:00Z,SkyNet | Validators,osmovaloper1zfcmwh56kmz4wqqg2t8pxrm228dx2c6hhzhtx7,800FF47897D19DCDF7E20CF308C993E304E6EA93
OSMOSIS,14,3427164167904,1970-01-01T00:00:00Z,StakeLab,osmovaloper16q8xd335y38xk2ul67mjg27vdnrcnklt4wx6kt,9E7CAE009EFFF4D163F3FB8781A07B25C2B10B32
OSMOSIS,15,3148631662916,1970-01-01T00:00:00Z,"Frens (ü§ù,ü§ù)",osmovaloper1ej2es5fjztqjcd4pwa0zyvaevtjd2y5w37wr9t,768A82700E3046E6DAF849664579E649597CC1B4
OSMOSIS,56,821601297323,1970-01-01T00:00:00Z,polkachu.com,osmovaloper1gp957czryfgyvxwn3tfnyy2f0t9g2p4phpkatp,51D7D05A659208A6576190AEBBE8F07603851515
OSMOSIS,50,966357743765,1970-01-01T00:00:00Z,Klub Staking,osmovaloper16vnsrhxsyamf4f4eln6g587qwwd39fte2m2ysc,3FF6C988799C1ADF3ACA0DA56143C8163890859A
PERSISTENCE,13,2039293360257,1970-01-01T00:00:00Z,StakeWithUs,persistencevaloper12lkrzza9rem2mv7d247cmxjvh7cql6rcug82qk,0EEFAA96C91E32584A8591488966FFE77609E1F4
PERSISTENCE,79,51026799270,1970-01-01T00:00:00Z,AutoStake üõ°Ô∏è Slash Protected,persistencevaloper16jd664rd04j5lyckykjedt7vrha7k822vlkxty,544812EA4B0982E56D4B4D8A087B58AC76603660
PERSISTENCE,41,407956598763,1970-01-01T00:00:00Z,Klub Staking,persistencevaloper18huc90klzgcc23mmaf6pzmsln8p9a5ve2kd4vk,E8C16AD7212CE50D012A4739BD2C3C3A83DF5758
PERSISTENCE,45,336058147099,1970-01-01T00:00:00Z,StakeLab,persistencevaloper1r7gdc8ag4ktmrvhed2xp09n3klrjuznwdzsru2,DEFD0657F9107FCD44BF9ACBC6C1B87D852E1D24
PERSISTENCE,46,319689816771,1970-01-01T00:00:00Z,Stakin,persistencevaloper1xykmyvzk88qrlqh3wuw4jckewleyygupsumyj5,A24D21F24C861FFC978D92751A3EB06D7F36E3BB
PERSISTENCE,29,846290065922,1970-01-01T00:00:00Z,Smart Stake | persistence.smartstake.io,persistencevaloper1qtggtsmexluvzulehxs7ypsfl82yk5aznrr2zd,44F2CE4E31E06F72E1D620BBCA6F097A4CCE3B58
PERSISTENCE,28,1058001889888,1970-01-01T00:00:00Z,Citadel.one,persistencevaloper1tv288tg8fa0a53742949m4swph0x2mfg7jsc22,A5B2A74E93FD8280E0477A634974581E56463548
PERSISTENCE,65,155407180171,1970-01-01T00:00:00Z,"Frens (ü§ù,ü§ù)",persistencevaloper15kq5p4z3c26kjkls5ppqvvq939wv3ey3er3vcz,7811458A793191B3185F6006BAE413CE1941F48A
PERSISTENCE,58,201535980754,1970-01-01T00:00:00Z,Stakely.io,persistencevaloper1hmugz9ge5kmfvfaf3ljjzz4phl0rd3mks00v9z,86F06B20724830AE4B48AE7C3200DF40E6B6498C
PROVENANCE,98,9032226789,2022-08-02T13:28:58.903363209Z,ushakov,pbvaloper1pr6n4vrngy0crrc57hna8wmlnkj388tk0e98ej,88818EA98D9173656E4C727876DA026DC13AE816
PROVENANCE,32,21577783037064,1970-01-01T00:00:00Z,Cypher Core,pbvaloper1vj7spk9mqul99vp5f7d2e3rx0lfg5nakq86v4r,9CC9A0A0C7A55A92E7E8D60E53D51CCEDACB61D0
REGEN,39,1073740866241,1970-01-01T00:00:00Z,Stakely.io,regenvaloper1kzhxmgp8z05zrj90nd8h5qx9pm949an5y7nwsz,423AE5251C0A97403C6E08FFCDD0D1BDAD663F0C
REGEN,69,96899126024,2022-08-21T16:37:28.953350903Z,POSTCAPITALISTüé©,regenvaloper1d92tfnkge6qcvt3jy42j0dx6vvt4tjmfldmhue,EB7937D1CC0233EF1F2A4BE07AF19E974788FFDA
REGEN,62,493427129283,1970-01-01T00:00:00Z,StakeLab,regenvaloper1gjvu75cq6qxyrtdv66lx9xe92jw9gqdetagaze,1B62410E3C11A278E7F2DE06153D629957416A11
REGEN,24,1456005388240,1970-01-01T00:00:00Z,ushakov,regenvaloper10ly6x72gn9jaq97yt0xr0mxgmzg4zxygxpejqa,A3C1E0702737DA3A9896115AB42E8A40266A4446
REGEN,44,997760835031,1970-01-01T00:00:00Z,Cypher Core,regenvaloper1t2ek3whhllrlkq44phrc729kpw7dg9wkd5fkhx,BF211F21E5593009A50A3112132880869901C6A0
REGEN,25,1429815149662,1970-01-01T00:00:00Z,blockscape,regenvaloper10yhlcvh88sux4zmf67udhg5f5z2803z6wujgj9,CCE0C12C6C17B7E2B2F24796F8C93865FE752B3C
REGEN,40,1073355899832,1970-01-01T00:00:00Z,Citadel.one,regenvaloper15t7cmpmlgzllvs2wv4zly3lhsd0yd02ktppmsm,4B8342A1F8E89F8FDA2DCDE316EDD4AB4A5FA822
REGEN,35,1145948267867,1970-01-01T00:00:00Z,Stakin,regenvaloper16dxk5trv9nz7jnpyvz48ngve45an4hkqkuafza,5B5C2F061733B185619AF94D4A577FD6C0A54C2E
RIZON,44,2268631910358,1970-01-01T00:00:00Z,StakeLab,rizonvaloper1494l9eavjxecx8faxnfx7k5c4x6xneye5rzs2a,B25DE9D5F2A6D1E05C99DEC60CB28D46A0750DFD
RIZON,66,13935000000,1970-01-01T00:00:00Z,POSTCAPITALISTüé©,rizonvaloper1ra2kdevuaf9drwkh0a62hat0nmsclylcp5c34j,0D0FA9D69308E9D1592AE9E80BEA315ADE039F0F
RIZON,20,14312070551568,1970-01-01T00:00:00Z,Citadel.one,rizonvaloper1t7g0jeqhh46jkpyhfjnwsa2fr35k4zjrp35dzc,59C9E4077578B1FE5AF8284A8C3A69CDEDB479B7
RIZON,34,8508723735475,2022-04-30T04:48:22.885041618Z,Cypher Core,rizonvaloper1j0p4pmqdrase4rynv4jm8k9enlgym3f56gx2ur,04C0620DA67FFA9DFDB519594B4BBCF1021C621C
SECRET,41,928883700391,1970-01-01T00:00:00Z,StakeLab,secretvaloper16w5hlcf389le2n60t32eqf43plp539ged9sruy,EEA713C5DA7B8F682242B47055B4DE7FFB431021
SECRET,1,13782423887484,1970-01-01T00:00:00Z,Citadel.one,secretvaloper1x76f2c2cuwa4e3lttjgqeqva0725ftmqvgvfnv,2E76AE6E453395F35D6C0728D44FB6147CE5B5A0
SECRET,30,1684826065675,1970-01-01T00:00:00Z,AutoStake (Formerly BlockNgine) üõ°Ô∏è Slash Protected,secretvaloper12y30xefd0wg53xtyv9lw7mjcdvf8nxgzzva3sr,C2A4856A7EC5E1AEE6712B5F84AD0ACDE44D1F8F
SECRET,53,590957581424,1970-01-01T00:00:00Z,Stakely.io,secretvaloper1vzkdmu0sa8gaj686jh5all7hpmmsp8x87vyz8z,10A163F613F952A848678462C6AD23798A80C565
SENTINEL,5,330072737173727,1970-01-01T00:00:00Z,AutoStake (Formerly BlockNgine) üõ°Ô∏è Slash Protected,sentvaloper138dhtmfslt0ls4ec0jumj8tyajry4dfuv27jay,9F478F8D407008B415BA721548A8A2D010254E19
SENTINEL,6,245150505557346,1970-01-01T00:00:00Z,StakeLab,sentvaloper1gwqt4jzhtvms8u57gpl4tzxjxqq8fss2j3hx48,B856AB9B2B6562F49B14F6AC9547CEB3568D2537
SENTINEL,41,121248639572433,1970-01-01T00:00:00Z,Stakin,sentvaloper13gmgxsxdvmytnr75uscuw350n6f0qfrvgdacw4,B0A775D0DEA4C1D6CFA7A9543C351428E70778C3
SENTINEL,42,117533003337525,1970-01-01T00:00:00Z,StakeWithUs,sentvaloper1c9ye54e3pzwm3e0zpdlel6pnavrj9qqvzj62gk,D7277724DF35B04608F41ACF910A8CAE99304D15
SIFCHAIN,8,37741725380415929224807254,2022-05-02T10:20:28.006581951Z,Citadel.one,sifvaloper1nh90hjeljehpcmuvu3ldw59842kvhgn286nv8k,2D617412C072CE9808BC91C5298BD0F8777D6ADF
SIFCHAIN,68,1540767135492130409296698,1970-01-01T00:00:00Z,Cypher Core,sifvaloper1pjmngrwcsatsuyy8m3qrunaun67sr9x7tlsrrc,02D33086D3319DD93B0F74CAE7E9445386A8EE4F
SIFCHAIN,47,2428735308079078191694678,2021-05-04T02:44:39.838141352Z,ushakov,sifvaloper14tm9600fx088jw55gypcwkwh04j34e9jgc0p8n,3874DAC9791F396AD138B7A5966349CDDB76FC47
SIFCHAIN,16,20912647233484087120370130,2021-04-30T12:08:32.812317796Z,Stakely.io,sifvaloper1r9ssdmc2xm3kv2y5m35mhrvnqms4pjw27umt2l,81ACC9DF6B47D6E78C32E3F34686EE8B70A2F788
SIFCHAIN,1,93029495080214743992439504,2021-03-04T07:12:03.868267489Z,AutoStake (Formerly BlockNgine) üõ°Ô∏è Slash Protected,sifvaloper1lnhxf6war6qlldemkqzp0t3g57hpe9a6nh3tyv,E9F31461680B2980839166C396D56DC57D1761C7
SIFCHAIN,64,1708259601162679932464971,1970-01-01T00:00:00Z,Klub Staking,sifvaloper1a4g9kg9dkugrukq3drh6gva8ses5ekw6gdrspn,831DDCE09E0CB3B4AE2A70AED9EBEB6B5B6F02B9
SIFCHAIN,142,6899404982496920350208,2022-03-08T17:34:07.274865596Z,POSTCAPITALISTüé©,sifvaloper1yv52uehf6kjh7lul2rzus3xafdta6556j6zyd4,1BBC0612701D693413364793443CB52AC89E0CD6
SIFCHAIN,20,11830605012887234103121578,2022-03-05T03:05:49.675606080Z,StakeLab,sifvaloper1kttxh8lxsmez56pen3cw307raf45fj9vmvwn5j,92581698028379A1C3E16BCEB6C6DD91963B7828
SIFCHAIN,6,42576932386939673360285566,1970-01-01T00:00:00Z,polkachu.com,sifvaloper1gp957czryfgyvxwn3tfnyy2f0t9g2p4pfj2j90,49BE27EB39A1BBB185E7457CD8FD6D221FDE9924
SIFCHAIN,57,1943762499947458727687840,1970-01-01T00:00:00Z,StakeWithUs,sifvaloper1c9ye54e3pzwm3e0zpdlel6pnavrj9qqv2n5zvt,F3B964EE62878E7BDDB75B9C2C9974897849644F
SIFCHAIN,79,1023735000914008557982337,2022-08-10T02:16:30.678631687Z,blockscape,sifvaloper1u7gfsx42k88sk6qr23gjdu2y5gkhm2h2zkryc5,393C45D504FF5F21A9BFF441E3B5283801164DBE
SIFCHAIN,17,14640782447823124361560475,1970-01-01T00:00:00Z,"Frens (ü§ù,ü§ù)",sifvaloper1ej2es5fjztqjcd4pwa0zyvaevtjd2y5w0djvt9,D7907CB8B6CE53AD1B988DF4E0DEBEFF81EBFA8F
STARGAZE,32,5353011457763,1970-01-01T00:00:00Z,"Frens (ü§ù,ü§ù)",starsvaloper1ej2es5fjztqjcd4pwa0zyvaevtjd2y5wuske5h,83C4936179B2D01DEEE1142B805926EDBF68D2AE
STARGAZE,30,5963130548315,1970-01-01T00:00:00Z,polkachu.com,starsvaloper1gp957czryfgyvxwn3tfnyy2f0t9g2p4p60w86a,A73D4185F152F72E7439B3A9BD6E60A6DD68792B
STARGAZE,112,1354848125752,1970-01-01T00:00:00Z,Smart Stake | stargaze.smartstake.io,starsvaloper1ux7vg9ph4p68pg7e2l5yn703xllec388y2t65a,26448EEEEBB0B7F8854D76BC07776A44818CE0D2
STARGAZE,57,3289870186198,1970-01-01T00:00:00Z,Stakin,starsvaloper1swer6tl0s59g82xnq5gmgsdueld79wpw8vptlu,0D34A3837BFCEDE10092FB8923D10AB58A1D936E
STARGAZE,12,10212876082928,1970-01-01T00:00:00Z,Bro_n_Bro,starsvaloper1y58hfnm90r4efhlydx0gavz57lvm7k6uulkg3h,9679E0B7943D9738706B13A73B0424F0B3EF83A3
STARGAZE,37,4917491683525,1970-01-01T00:00:00Z,ushakov,starsvaloper1vpy82purcj983jx8jt29py7v2eamv9yq4s0epf,2106A7EB2F89A564C84EE6746B12CF0DAD37CDC6
STARGAZE,4,21130320413664,1970-01-01T00:00:00Z,StakeLab,starsvaloper1mz2qks48v486d9m8wp4l9fxm2e9l0e0kzk79m5,A4766870CAF6D0C052268BB3BE1E904FC3E4188C
STARGAZE,61,3200378848594,1970-01-01T00:00:00Z,Cypher Core,starsvaloper1pjmngrwcsatsuyy8m3qrunaun67sr9x7cz5ku2,5E931B97A1490F9CA2DF13CC035BBC9AC36B8570
STARGAZE,7,13516205274220,1970-01-01T00:00:00Z,Citadel.one,starsvaloper1qv2tdjma7dcg6jmgawwd0aajjcx89rqca0cqgr,95D466FA857DD36CB6A7A8690B33A7D798A7E656
STARNAME,2,10708992191403,1970-01-01T00:00:00Z,StakeWithUs,starvaloper180s323zw79duje02tqwt0pzz7tmtf5t3k4vsp2,3B4F5C11663DC10A6D32403F945DED42AE1DD362
STARNAME,13,973802509689,1970-01-01T00:00:00Z,Citadel.one,starvaloper1y0w5qhdf6aj90u7knykdetqus4nc2axgkrt8vn,21CE102F23DA38A026B985D25CE0CC7CEAC94610
STARNAME,6,5418034776233,1970-01-01T00:00:00Z,StakeLab,starvaloper19cx56quwsd03s4xfzkx39je4ag9c5lcvkhn3rv,8EDD3CCC261A9D73D7C36233CB30596540D6A0CA
UMEE,20,36604225274006,1970-01-01T00:00:00Z,ushakov,umeevaloper1agzky2ak6xs5vve3c2wzjtqdq7fwadcgjwufc0,28F638C1D1D611AE9BC28A63CD648E91BF3E39D4
UMEE,18,41307620136441,1970-01-01T00:00:00Z,AutoStake (Formerly BlockNgine) üõ°Ô∏è Slash Protected,umeevaloper1py60fpud4w468zn7mthfa25xnzuawjum7w90q2,C75E6807674833521DE757DCB23C2FCB0EF9CCE9
UMEE,19,41129790046647,1970-01-01T00:00:00Z,Citadel.one,umeevaloper148lf9ndu40fmy44ku74v65lqp8mwqej9nz0s54,9524D7D9C8CADD554FB8E5CC68985852A9650CA5
UMEE,21,35671671858773,1970-01-01T00:00:00Z,polkachu.com,umeevaloper1gp957czryfgyvxwn3tfnyy2f0t9g2p4phlh7lv,5E17B3460DA45498B766E3E5E9168775285BB9FC
UMEE,11,72288519781840,1970-01-01T00:00:00Z,Stakin,umeevaloper10nsytn9zmtfnhk37hqfe2h9v599ld3h5zs9fqj,19C549AB699778013DB534320883D236632E5B37
UMEE,96,492008510186,1970-01-01T00:00:00Z,StakeLab,umeevaloper1gxgsq7jpkg0f8vfkk60c4rd30z4cgs6lyqtglf,55678EE8200A94A273B8BDAA32AA36E36057721B
UMEE,54,26243498521942,1970-01-01T00:00:00Z,Genesis Lab,umeevaloper1mkv4myppz2w0d3nr2dh9fv5kcwaaqnzfvnm6qf,CDF33DE43CF12FF9EEA79B25CFB3E41FFA607E23
UMEE,36,28385214363223,1970-01-01T00:00:00Z,Cypher Core,umeevaloper1pjmngrwcsatsuyy8m3qrunaun67sr9x74jd0em,441E34DCA827E58C93EECD53C5BC2F6CD3E4861E
UMEE,85,10236986939154,1970-01-01T00:00:00Z,SkyNet | Validators,umeevaloper18s567a3dxf09q7erpcp8q20dpauugxwx8xsrcc,11C9D5B47B0F5E7A96B8EBE87B127EB40A39CC22
