AKASH,SkyNet | Validators,akashvaloper1zfcmwh56kmz4wqqg2t8pxrm228dx2c6hzh0ewm,A91C61892D3C453A57160EA7031E04C040440898,akashvalcons14ywxrzfd83zn54ckp6nsx8sycpqygzycmqmxep,tDO1a8uwYo8osKuVS+PqGmuD8ZueL0j7KONR+PULID8=,212803,1970-01-01T00:00:00Z
AKASH,polkachu.com,akashvaloper1gp957czryfgyvxwn3tfnyy2f0t9g2p4pz5w0ry,59835DCBB6CE79F1D12B86702E8690E5F5C514E5,akashvalcons1txp4mjakeeulr5ftseczap5suh6u2989ecffry,4uixnZASy9mwDpvb0xlepRB9cw1b6563ce+vTgs6He4=,840525,1970-01-01T00:00:00Z
AKASH,Stakin,akashvaloper12fnzqmnja37mf2y9m6r3dleq5n3jkz7pfkpzmy,57F61959FF8A08562BB0ABA4921C5EF1B307DC63,akashvalcons12lmpjk0l3gy9v2as4wjfy8z77xes0hrrey2gh0,9dGOfVLgUQDVXi9f0KqfqLpxDwgB1/YFmFuXMgY7HFg=,463277,1970-01-01T00:00:00Z
AKASH,Cypher Core,akashvaloper1t2ek3whhllrlkq44phrc729kpw7dg9wkfguwsr,5245F51EEB87311E0544086E64DF6E737AFA0152,akashvalcons12fzl28htsuc3up2ypphxfhmwwda05q2jqslr7q,PfFz+6RCf9Cs2LwPbIP48Tp5ROWtIMXzZcc5DlOCMTk=,937376,1970-01-01T00:00:00Z
AKASH,StakeLab,akashvaloper1dgxdep80th2qm8xxk8h3j3g93npsd3a8jg60gz,5E56A5D935A9529B8999E1291C64B0BA3F9FD663,akashvalcons1tet2tkf449ffhzveuy53ce9shglel4nrr2c2tt,CJg/u5xO65AK0YAVjKdyQqKQY2aa4aSjJkFXLd/ag8k=,177892,1970-01-01T00:00:00Z
AKASH,AutoStake (Formerly BlockNgine) üõ°Ô∏è Slash Protected,akashvaloper1strxz39h5fapp7zvn5mvf8xm0ea9aajqjstv6g,2D9790447341F3371AD11B4B706332313CCE33C3,akashvalcons19kteq3rng8enwxk3rd9hqcejxy7vuv7ry5u90n,2Se5prZ7NSucV0fGWVdmwa0lx3CNBCZKoX48WA/Ziyc=,733309,1970-01-01T00:00:00Z
AKASH,ushakov,akashvaloper1nd8fjym90f6lqu25xkhqxp7h9f8fx0hq2we4vd,34131619A2265CAEAFBCCB9D88CCC9ABC890FD9A,akashvalcons1xsf3vxdzyew2atauewwc3nxf40yfplv66r9c28,IhTVnncB8P7uigQSRqFeyjEoak71L1V6N+Gq+hiByHk=,120175,1970-01-01T00:00:00Z
AKASH,StakeWithUs,akashvaloper1c9ye54e3pzwm3e0zpdlel6pnavrj9qqvp4sl2q,DA250934D695A5A2457708F417F688FF8D9CC326,akashvalcons1mgjsjdxkjkj6y3thpr6p0a5gl7xeesex80hrm6,pbyNZ89ZX+jVdiV6l9ODLfn8SAIWp99JM2b5L4c2oO0=,240673,1970-01-01T00:00:00Z
AKASH,Smart Stake | 0%,akashvaloper1uckq4fddrwftu6pv4stsm9ffthxkgathezgznj,C3C730090BF75FC5BFDFBB4BD26589CF1C7B7487,akashvalcons1c0rnqzgt7a0ut07lhd9ayevfeuw8kay8fy2yjw,+buwvR0eVQLUxMNdpg5PSnOOGO4oRVx3iIqsf8MRSno=,120518,1970-01-01T00:00:00Z
AKASH,Citadel.one,akashvaloper1a4zxtnu9k0zpl6p5hmduc5zz7xrm2dz8vm2ey8,0218A7A051C04FEC85B4F92BFB00A8C4DA1A9BD5,akashvalcons1qgv20gz3cp87epd5ly4lkq9gcndp4x746zunr5,PZTcuU6NFWMOGTSuT6C7ZE+WK/yBudm+NoiCwQF/mD4=,2796276,1970-01-01T00:00:00Z
ASSETMANTLE,Cypher Core,mantlevaloper1pjmngrwcsatsuyy8m3qrunaun67sr9x7emgwgu,6B4C6878A12638E4206058905F7876F2154CF1BD,mantlevalcons1ddxxs79pycuwggrqtzg977rk7g25eudag7a6up,n4y8OerrRuQNEw2lTNCGZefzoUEyTxIHwYinlURvHSw=,1622389,1970-01-01T00:00:00Z
ASSETMANTLE,Citadel.one,mantlevaloper1y4ycv888ja5ya8qtw8mqe2l0fvt9amlfj9068h,02039198B6BD3B77CD478AFB558F0FF5A3B3F39D,mantlevalcons1qgperx9kh5ah0n283ta4trc07k3m8uua7cn7nz,hjX65yiVbIpXz42gulOhGvDOAci1iFV5+JjE7aVLohQ=,5402633,1970-01-01T00:00:00Z
ASSETMANTLE,"Frens (ü§ù,ü§ù)",mantlevaloper1ej2es5fjztqjcd4pwa0zyvaevtjd2y5waf2pqp,32DD5BDDEE28C7957A713ACFE2044724A9E886D3,mantlevalcons1xtw4hh0w9rre27n38t87ypz8yj573pknwa2ark,qORfnxrtPesBqe0BPOLhQMsq8LsPy6S8pYmcUMONZBw=,5604995,1970-01-01T00:00:00Z
ASSETMANTLE,blockscape,mantlevaloper1eufkuusyvgl4lxyhlh92lll9g0nzceylnacr22,1962B3C5F3AB1BE489398D57F39AB3C2CE21B117,mantlevalcons1r93t830n4vd7fzfe34tl8x4nct8zrvghq2myjr,v+eYKOncChyv8p0hQFNNaWb5qsnqSOylqEG/wHjYWPY=,1256362,1970-01-01T00:00:00Z
ASSETMANTLE,StakeLab,mantlevaloper1uy0q4859hw5f90peraexmdanyrt8tazz7vheg9,725CD7BD92A6E2817225D6CD16BF29AD50C541A7,mantlevalcons1wfwd00vj5m3gzu396mx3d0ef44gv2sd8x47l46,KNt4mgmQpnZpFtbRS4YlDhtL1B6izSIBqnTQfdPbnko=,6346218,1970-01-01T00:00:00Z
AXELAR,StakeLab,axelarvaloper19dx6vywgr62jtsxhhlhlgh7ug5vmgjnz6dkeud,4338C4CDE85BFCF4F04E2ECBCBF7007DD93185FA,axelarvalcons1gvuvfn0gt070fuzw9m9uhacq0hvnrp065x3f4q,JsWxQe4ZMwuwW/bV4lV44wcMLB1Z56g+2tYRcImFZnQ=,9,1970-01-01T00:00:00Z
AXELAR,ushakov,axelarvaloper1sm3mh5pxqlzx6swmf2dspcvnz3zw3ptycqtg3s,85F3D82818E7BA6C639CB094664326F5001CF3FA,axelarvalcons1sheas2qcu7axccuukz2xvsex75qpeul66ghddq,5CIPyBD5lPvvibJGHszdsG1oAQMCSpEyiFed/c4Yadc=,9,1970-01-01T00:00:00Z
AXELAR,Stakin,axelarvaloper1uf7s2v44qqpe9lpnsjy6cfjueqytakuzayfg0h,3F9F551064F148AF6615C892C8E9E76262A9ED61,axelarvalcons187042yry79y27es4ezfv3608vf32nmtp09vzj3,6OdBxSLRjpBYp9B0edMQDNVWubVq3wcRc5F4jVloOwk=,700007,1970-01-01T00:00:00Z
AXELAR,Citadel.one,axelarvaloper17q4fqv86dxkes384tnmrvjr9ljp2slunr6k00w,7EC661F40BEFD355FEF828AF6462E574F4759D0B,axelarvalcons10mrxraqtalf4tlhc9zhkgch9wn68t8gt9f6xa8,qULeagl7UPpWjb/BN2xjiOJkINEQPlaBzHXTtvRC3bc=,700008,1970-01-01T00:00:00Z
BITCANNA,StakeLab,bcnavaloper1r7up4azsnmprakycclqrh60phvq6zptq8lx8qk,CFEB6E0F6E740CA53A5175954CECEFD33328326F,bcnavalcons1el4kurmwwsx22wj3wk25em806vejsvn0pfqw9n,GMXHuZDz96iPbS+nTV3/UhcIFRSltwmpfYLvTyf6jF4=,3975713,2022-05-09T17:53:50.264886643Z
BITCANNA,polkachu.com,bcnavaloper1gp957czryfgyvxwn3tfnyy2f0t9g2p4pxqv0cj,05D973AF34987D2B100B4429BE7603D50B2E4B5B,bcnavalcons1qhvh8te5np7jkyqtgs5muasr659juj6mvg76gd,XHCDdgldt+lubzZN7zpcX51P7+QOO1G93IzgrqHamJQ=,1639236,1970-01-01T00:00:00Z
BITCANNA,Stakely.io,bcnavaloper1gsq4dsxvgsswkgrsftz0k905rzjc0n2hv26xgj,46D296F905F6620AE0A20184F2E0204E8A0B2F78,bcnavalcons1gmffd7g97e3q4c9zqxz09cpqf69qktmc8zhnmc,lwP0ardSjleDASGc0MA/e383GpEfRzN5+A/LCEGr+ng=,3660721,1970-01-01T00:00:00Z
BITCANNA,POSTCAPITALISTüé©,bcnavaloper15dz9pjxqgzfz80fvkxscjksvz7u6r07x4k9esy,A843A78AA321DEF9C00A42C19FFB2CC3566BF890,bcnavalcons14pp60z4ry800nsq2gtqel7evcdtxh7ysgunz9a,L4394wRDC7tuXeIpwDHUv9kenGipDbQMA1rtHD8rJAA=,35135,1970-01-01T00:00:00Z
BITCANNA,StakeLabz,bcnavaloper1hd3d5hf8qujw5pgwtytdyhdux2tc64mm8wc0rz,4425125B013BC59372E1EA2B4489CD2113BF9CC2,bcnavalcons1gsj3ykcp80zexuhpag45fzwdyyfml8xzlqetj4,qediBJK7d3vWtVgrBaGVFeWAdzg1I9+tBgqVSPyKTeY=,87960,1970-01-01T00:00:00Z
BITSONG,StakeLab,bitsongvaloper18wf0w252jxk3kgl5vlst8ttat8xzfnvejuftk2,81DF8A363460F9E165B8649FD78C66A7FB41689A,bitsongvalcons1s80c5d35vru7zedcvj0a0rrx5la5z6y6k348su,oWb5TsMacdZaG7hNfzvJZMjNnqakDAD733rxsYkmXp4=,2011006,2021-05-22T02:10:51.143243252Z
BITSONG,POSTCAPITALIST,bitsongvaloper1slnkc2a8lhxgz5cc7lg9zlgzfedfpdve0rh2p6,DCF7EB97CA59EF3D78EBD63AD1949CC181A2B3F0,bitsongvalcons1mnm7h972t8hn678t6cadr9yucxq69vlsqm4qgp,ajoa19FJ5R0AM7OoxHh3vxlYbkIelC5wMvAjnXkFaXo=,144037,1970-01-01T00:00:00Z
BITSONG,Citadel.one,bitsongvaloper1knmj6ve4p4e2rl3wpj0rk9dswacr2swn75sc7a,7AB64AFB59D30B6F3ED0F7FD4D0FFEDFC4824E4B,bitsongvalcons102my476e6v9k70ks7l756rl7mlzgynjtemc2ua,xCiZzZAaFGmi8i2M7+ClaCRYZxmP7VsW05leFxCHrA4=,538687,1970-01-01T00:00:00Z
CERBERUS,SkyNet | Validators,cerberusvaloper1r34mlqewsxrde38vp3tzwh3rk5vt6ez0slzuvu,E2D1F293AC89ED3709E40CDCF3E16B836058D7C9,cerberusvalcons1utgl9yav38knwz0ypnw08cttsds9347fmzs845,zbNQHgsFPxdGX18x3jcGFaMahsT90UVftBSfG1P+Dtk=,244036457,2022-08-02T15:10:26.181698993Z
CERBERUS,POSTCAPITALISTüé©,cerberusvaloper1y2et2epdgt4f2mn5wfvlnqe4x6tmg5gj4fp4ut,554A13DC021B0F95EE70EBBEAA4B82BBEC297619,cerberusvalcons1249p8hqzrv8etmnsawl25juzh0kzjasekz2jpz,IXwA7Q37Vf22TSgwaNr0QWKixBuUJc4fOlSCIRRA8kA=,23899157,1970-01-01T00:00:00Z
CERBERUS,polkachu.com,cerberusvaloper1gp957czryfgyvxwn3tfnyy2f0t9g2p4pvm8q9p,3EBC56B5EC8223B47FB51024BAE511DBF3C81B2A,cerberusvalcons18679dd0vsg3mgla4zqjt4eg3m0eusxe2582xc0,klTrZVKGLcf/maBXxHGBJUMYIiRGpaFQmgkv50v1Jik=,734740891,1970-01-01T00:00:00Z
CERBERUS,"Frens (ü§ù,ü§ù)",cerberusvaloper1ej2es5fjztqjcd4pwa0zyvaevtjd2y5w2yl7tt,7413282DF95088FDEF7384BE02D015E63C3379B1,cerberusvalcons1wsfjst0e2zy0mmmnsjlq95q4uc7rx7d33j4a87,EZ+NglL7/ObKJhAlMJMdIIWii6T2K2BOGQwkSVMXBbc=,1878310503,1970-01-01T00:00:00Z
CERBERUS,Citadel.one,cerberusvaloper16rzknyz8xwcvt5eaw7g0kh0fv2rsa4naeqmugz,09453B93077413DC0BAEC6F0E6873E086750C6C3,cerberusvalcons1p9znhyc8wsfaczawcmcwdpe7ppn4p3krskyyx7,CsLe2DDDKjbzDUEAmqrJmtXDA43vldSALe5PENIwXBI=,876009884,1970-01-01T00:00:00Z
CERBERUS,StakeLab,cerberusvaloper16cfkt9n0pcftg0ky3rk9aegqdp383uwge38rdl,A3B8563433251C288BDB84DC81EC0DA8E95CFCB1,cerberusvalcons15wu9vdpny5wz3z7msnwgrmqd4r54el936avwdd,fIxd2+K8JU+CwZRaWLg9kA4RBDn+zwWYHauo10oB6LY=,1129152529,1970-01-01T00:00:00Z
CERBERUS,ushakov,cerberusvaloper1anv73lqkxty5047fz9sh42zyzcn5lvdlgeyan3,01D8F93B7CD8A5EA145B54E5213476E7F2603F01,cerberusvalcons1q8v0jwmumzj759zm2njjzdrkulexq0cp5vx5u8,WPj2fx+/RFT50yOS67rDoUku8jqapbTBh1qA586ixcA=,93325281,1970-01-01T00:00:00Z
CERTIK,ushakov,certikvaloper19q32eg8lu36xyqe3rfp85t6jwnymrjnsh7zu39,8A78C20DEF8FA967B5A1236434562475B873FD74,certikvalcons13fuvyr00375k0ddpydjrg43ywku88lt5a4xvwh,KfxFnYyISBYJLJvQocKHJQ8A6vk/pdC6wGWHDDF7aM0=,220068,2022-04-20T00:07:21.567169380Z
CERTIK,Stakin,certikvaloper1xv6jr3mdu32rukec5af34cylmmw9r84v8jakzj,B08C4F95439FDCE77010A31BF69B605C9D47C312,certikvalcons1kzxyl92rnlwwwuqs5vdldxmqtjw50scj50zdqt,bf298OHO53w7K9ajNT/XRdTzHErs/wuxi7hysnCGsRU=,184077,2022-07-10T19:20:42.408866645Z
CERTIK,polkachu.com,certikvaloper1gp957czryfgyvxwn3tfnyy2f0t9g2p4p434ez9,0D17EB727D58C2A92EBB734A01F8A1A3B4F61691,certikvalcons1p5t7kunatrp2jt4mwd9qr79p5w60v953fwwfl3,grVo9hmFra2RM/9MD+4emUY+a0PaZEJaLBkOdnewXVM=,1804,1970-01-01T00:00:00Z
CERTIK,StakeWithUs,certikvaloper1jlednjxak55pekp8ewg225wdy5wc9c5t80yamg,7EBACC562228A6D3B5CB2E31B8822100E490D18B,certikvalcons106avc43z9znd8dwt9ccm3q3pqrjfp5vtq2wwtc,/d49uWObl9sGN9Ty1T8gGe6M/c2SR7OMZgEIqOFf5Co=,1206968,2021-10-27T22:56:45.939510188Z
CERTIK,POSTCAPITALISTüé©,certikvaloper1mrhq8lcrm96asw3jnk6sa0dm3qpwuqyt3r8uvn,B4DB2EB1EEECC46DE1FC2B440BABBE7822F1B4F2,certikvalcons1kndjav0wanzxmc0u9dzqh2a70q30rd8ju3ucn8,DjkOI9Ycrk31+KJ7x5OXgH8bKxf2kaxqy2K5j4jpdmU=,401,2022-07-07T10:39:06.497778141Z
CERTIK,StakeLab,certikvaloper1795d6km32m8qtquepatf7npean9dgvrpr3le7q,3FFCA268FE03EA7A303ADA4F4041CFDA340E51EF,certikvalcons18l72y687q0485vp6mf85qsw0mg6qu50032xa2q,JD60r7atYJN7qWA8mQ3dnT2A89bTRkiCZgBWC5HDaFE=,1400565,2022-01-20T04:58:21.469397897Z
CHIHUAHUA,Citadel.one,chihuahuavaloper1rgtfvfwx6kpf2vppur8l5g4y2c4acj74xzw6af,DE5DF6A3D73880AAF252107CAA6BBDCA5D1551EC,chihuahuavalcons1mewldg7h8zq24ujjzp7256aaefw3250vdlt5y8,4LtvFN/hWqcGMGNEodP1mwX2m1zXlklwSaAAjh0D9DQ=,1511076610,1970-01-01T00:00:00Z
CHIHUAHUA,SkyNet | Validators,chihuahuavaloper1y6m72uxs6hhsudxqpq73rsdgkjh6nhkqef8pej,BEEDFF48418C701AC3AFE0A86868F11B49AD52D1,chihuahuavalcons1hmkl7jzp33cp4sa0uz5xs683rdy665k3lua8jt,Tn3UInueUGDXMwPFNCkAkfXuFYrWdmLBJfCuaios5Uo=,82906951,1970-01-01T00:00:00Z
CHIHUAHUA,polkachu.com,chihuahuavaloper1gp957czryfgyvxwn3tfnyy2f0t9g2p4p40qac2,4009593108CEC2222D4113D2BA812D6D66C7F9A6,chihuahuavalcons1gqy4jvggempzyt2pz0ft4qfdd4nv07dx7ndg0k,MlgkDj+CwfUKLDqUDtMcwye/nHZrDPWAxYx6ahcwfwM=,1681991722,1970-01-01T00:00:00Z
CHIHUAHUA,Cypher Core,chihuahuavaloper1ttm7cd2varmwqvfd7slfkc0cfv0c67rae3nmyd,7DE8E615F57C14A4E85BE670DA3639C18AD97031,chihuahuavalcons10h5wv9040s22f6zmuecd5d3ecx9djup3s4da8h,nTjBeTl22IRdC8gizhFlT67lWSGFbzyeHOp3kOXLziM=,60127038,1970-01-01T00:00:00Z
CHIHUAHUA,StakeLab,chihuahuavaloper13c2hcctczy695gfs5gc637tc844n6a9unlkaqv,30EB933CF1FEAD4C67A4EB342088E0BAE1ABC9BC,chihuahuavalcons1xr4ex083l6k5ceayav6zpz8qhts6hjdur4xat4,1oboNX+4eDkn9bN4g7/9SKGaMeuFskH13kmOeoL5hiQ=,1421129418,1970-01-01T00:00:00Z
CHIHUAHUA,"Frens (ü§ù,ü§ù)",chihuahuavaloper1ej2es5fjztqjcd4pwa0zyvaevtjd2y5wnscrkq,CEC429DA951DCAD0C03E37505C2CE4CF040D5833,chihuahuavalcons1emzznk54rh9dpsp7xag9ct8yeuzq6kpn2hzajh,XorKccr7t2/M3KMEYPLlwJTtgAaQt7SRBLkWkdamB6o=,877458220,1970-01-01T00:00:00Z
CHIHUAHUA,ushakov,chihuahuavaloper1anv73lqkxty5047fz9sh42zyzcn5lvdl3drqw6,7E9682AE3790902551B2C746763C29015A4BFEBF,chihuahuavalcons106tg9t3hjzgz25djcar8v0pfq9dyhl4lj4ptap,c5jOOF7jodvCPaDl/79Iw6JGG5eYPL2H09E5Sjjjzmw=,66584598,1970-01-01T00:00:00Z
COMDEX,AutoStake (Formerly BlockNgine) üõ°Ô∏è Slash Protected,comdexvaloper195re7mhwh9urewm3rvaj9r7vm6j63c4sd78njd,959E058EE0BBE0B3F51A9E0838203F4AA166373E,comdexvalcons1jk0qtrhqh0st8ag6ncyrsgplf2skvde7sjzjwe,njJt7ydfv+ZaiFdEukzmpKHiNyOe7UKpnmUCGWiY5d0=,791677,1970-01-01T00:00:00Z
COMDEX,polkachu.com,comdexvaloper1gp957czryfgyvxwn3tfnyy2f0t9g2p4p3447dz,D52ED6D9882E46F03DDADBEB7D11477DF6B13937,comdexvalcons165hddkvg9er0q0w6m04h6y280hmtzwfheqmkpt,iQb0mlqiwcrxXoXbQBjJTQYZoH01avLZNxpkp2Fc0L0=,909222,1970-01-01T00:00:00Z
COMDEX,StakeLab,comdexvaloper1gfe4f7urf866xte5cpmkgsw7q2u97qj06ldtj3,703A7D24EB94C2E4961C2A56DCA57349C97164BE,comdexvalcons1wqa86f8tjnpwf9su9ftdeftnf8yhze97vf4cy2,SOSB3UZwdFeSvTUJtV7Ng4v89E1AkCMCUYUCp/TD31U=,1596439,1970-01-01T00:00:00Z
COMDEX,Stakin,comdexvaloper1g6zz4d7j6fvxy24nsqkjrcxqrt7hwp6p6hws7c,A83DFCF82FC8D623CE1D3FB638FBC046A8417535,comdexvalcons14q7le7p0ertz8nsa87mr377qg65yzaf4ts982t,9gFox70wqyQOMrz1N1h+TLBpfOqVdE91dbAYf1Stqo8=,640152,1970-01-01T00:00:00Z
COMDEX,Citadel.one,comdexvaloper1glgnuuckrkcvl90uk0ute8h0y4gdp5u8s0ahnt,30D9E76ABAA89049F4D0A985BC2693937CAEBCC1,comdexvalcons1xrv7w6464zgynaxs4xzmcf5njd72a0xp6lclxd,PNYmZD+mZFzBEWEDoG0XoDW4QcB3Z1tulfXPwVxkkA4=,1570160,1970-01-01T00:00:00Z
COMDEX,Klub Staking,comdexvaloper12lmnmx83p5lcndvl0zrks3fqk3wspqm0hjtzzz,A81146BE340A55E8DE0B603F44BA68B710342498,comdexvalcons14qg5d035pf273hstvql5fwngkugrgfycxll3qv,ScghrEAzsF2wlRdgYdauTT3G8OIyyC7h0LAR/9Am0cw=,1817050,1970-01-01T00:00:00Z
COMDEX,StakeWithUs,comdexvaloper1vj0ntz8qk9pxk7xt3n0ukdkt86j3epnva2ag7p,06F5399123CE6B8984B79457813A3C6C05F48BD2,comdexvalcons1qm6nnyfree4cnp9hj3tczw3udszlfz7j9p85pw,c+fvDHYLsXlzd7+shTWjV4jFG4mB0BAOQjEQg3T6F3I=,2111165,1970-01-01T00:00:00Z
COMDEX,blockscape,comdexvaloper13x77yexvf6qexfjg9czp6jhpv7vpjdww8gmu7y,ABD56E89A1B2A563352D908FA6C1DFF15731A6D1,comdexvalcons1402kazdpk2jkxdfdjz86dswl79tnrfk3udmfxy,1GJAa84KeFquGVQmLRDpqIEkG3Ih4Oeq0GJ0eNm2cqI=,79763,1970-01-01T00:00:00Z
COMDEX,"Frens (ü§ù,ü§ù)",comdexvaloper1ej2es5fjztqjcd4pwa0zyvaevtjd2y5wh2dqrg,F6E9E8EDFE3D48185F564146224826FEF5313C9F,comdexvalcons17m573m0784ypsh6kg9rzyjpxlm6nz0yltdvx54,dvd4veqemBhXnkFPFbyi0DvN3RGMG82TWDiKuGmZEzU=,1446278,1970-01-01T00:00:00Z
COSMOS HUB,Cypher Core,cosmosvaloper1pjmngrwcsatsuyy8m3qrunaun67sr9x7z5r2qs,B0155252D73B7EEB74D2A8CC814397E66970A839,cosmosvalcons1kq24y5kh8dlwkaxj4rxgzsuhue5hp2petveuva,w3rKE+tQoLK8G+XPmjn+NszCk07iQ0sWaBbN5hQZcBY=,750630,2021-06-21T00:40:38.961569688Z
COSMOS HUB,Smart Stake | cosmos.smartstake.io,cosmosvaloper18extdhzzl5c8tr6453e5hzaj3exrdlea90fj3y,12C2AA0DE66FA3F9D664D03D5D6F6D8216B6DA81,cosmosvalcons1ztp25r0xd73ln4ny6q746mmdsgttdk5p8yupga,/3KWOdnPhCcHvQydh3z4Dg8cUDhzeKCugIv+FNQ9ASw=,208339,1970-01-01T00:00:00Z
COSMOS HUB,polkachu.com,cosmosvaloper1gp957czryfgyvxwn3tfnyy2f0t9g2p4pqeemx8,DF9283DA25B296426E97438614D1C62DC1019D84,cosmosvalcons1m7fg8k39k2tyym5hgwrpf5wx9hqsr8vywuyrtm,wYgizm1MoU4+QMPV0lPlESo/Z5YzDbfna562kOUNU4s=,140839,1970-01-01T00:00:00Z
COSMOS HUB,StakeLab,cosmosvaloper1gpx52r9h3zeul45amvcy2pysgvcwddxrgx6cnv,170FEFD6D7F4A69AAE70A24415FC4E2C928DE2E5,cosmosvalcons1zu87l4kh7jnf4tns5fzptlzw9jfgmch9q25f5v,N7D/fL/Hgpz1UG5J/wLgo5GXvQM11/lJyCg1BjAqUjY=,218393,1970-01-01T00:00:00Z
COSMOS HUB,Stakin,cosmosvaloper1fhr7e04ct0zslmkzqt9smakg3sxrdve6ulclj2,52E1646134432BF9532B4881C6ED32E40AE5A2DD,cosmosvalcons12tskgcf5gv4lj5etfzqudmfjus9wtgka8znl6y,FyNWogoOiQFRVwtJj8KywlyJpUFhmPzekSkDvrbSTvM=,340957,1970-01-01T00:00:00Z
COSMOS HUB,Klub Staking,cosmosvaloper1wqy2s6nwnxj57l0l5rdjxxr646p3al6y70435m,5D741966C127B6F66C09CC86DC9E4AC2E28263C7,cosmosvalcons1t46pjekpy7m0vmqfejrde8j2ct3gyc78sgr66f,KDfZS95BDOjVAfIb5h8+3/QWnDtygldvMll1oPTy5do=,110243,1970-01-01T00:00:00Z
COSMOS HUB,Genesis Lab,cosmosvaloper1wdrypwex63geqswmcy5qynv4w3z3dyef2qmyna,2B9A55D3BF93D7375DD207B75C5ED4D2B91D9146,cosmosvalcons19wd9t5alj0tnwhwjq7m4chk562u3my2xwt72qg,g/K/WCk6kfg6kiymEObDD31v6QPRra8JYEFJPd0SOq0=,180802,1970-01-01T00:00:00Z
COSMOS HUB,Bro_n_Bro,cosmosvaloper106yp7zw35wftheyyv9f9pe69t8rteumjrx52jg,B5B32011EC0714DE2AA550E085A8B20036A10E83,cosmosvalcons1kkejqy0vqu2du2492rsgt29jqqm2zr5r2hlv3z,0PoQzviEQrLd/HjlpGJYVm2Rb3LXZkmhuuZ5/pbL16Q=,62320,1970-01-01T00:00:00Z
COSMOS HUB,blockscape,cosmosvaloper13x77yexvf6qexfjg9czp6jhpv7vpjdwwkyhe4p,48FD560D3CB0B552924CBC0F9C2BA68883FA1135,cosmosvalcons1fr74vrfukz649yjvhs8ec2ax3zpl5yf4z0g669,wXMVIoVMpD8vPS/U1+6Cm+jpoMSoyGprQYyMnVtNaWc=,117914,1970-01-01T00:00:00Z
COSMOS HUB,StakeWithUs,cosmosvaloper1jlr62guqwrwkdt4m3y00zh2rrsamhjf9num5xr,1AE0BD432F9A5122474A646325D1AFA6068692E9,cosmosvalcons1rtst6se0nfgjy362v33jt5d05crgdyhfvvvvay,pk7vL9YoXJy5A3EOyesIvZ5qlxc2qsW99Kk/VzobkgY=,460200,1970-01-01T00:00:00Z
COSMOS HUB,"Frens (ü§ù,ü§ù)",cosmosvaloper1ej2es5fjztqjcd4pwa0zyvaevtjd2y5wxxp9gd,CB33F8217C07952ECA18F53C1FEAF913E9143137,cosmosvalcons1evelsgtuq72jajsc757pl6hez053gvfhu2mjty,2xWuWOFp6r8AtEEmB96w36ZcKLgumqAAFlZcxe2bJPs=,289931,1970-01-01T00:00:00Z
COSMOS HUB,Stakely.io,cosmosvaloper16yupepagywvlk7uhpfchtwa0stu5f8cyhh54f2,BDB046259EB7FB74A28015E31E64CEE9F0802199,cosmosvalcons1hkcyvfv7klahfg5qzh33uexwa8cgqgvekug2dy,WAeQesC3BNtVnZwJKie5DAOjD3Kljg82b5c7j/TB+l0=,153080,1970-01-01T00:00:00Z
COSMOS HUB,Citadel.one,cosmosvaloper1lzhlnpahvznwfv4jmay2tgaha5kmz5qxerarrl,4EB1282675F724B59026F2173C23F0DC9936F118,cosmosvalcons1f6cjsfn47ujttypx7gtncglsmjvndugc2zelqx,5qKdBzdr8XHw2BWR/8yEceFRWEjGpzsqBo6q0OVkf9g=,2684496,1970-01-01T00:00:00Z
CRESCENT,Cypher Core,crevaloper1pjmngrwcsatsuyy8m3qrunaun67sr9x7puy45y,833E0EFB96341DA7F094FE73F9FA09BCF9FE6AC2,crevalcons1svlqa7ukxsw60uy5leeln7sfhnulu6kzhvh0ky,FeaVODLYdgYc3sxXyMz9MYDxwlv/YNdeZbJ4WIfiO2I=,17122,1970-01-01T00:00:00Z
CRESCENT,Klub Staking,crevaloper1ye8mvp8z4zskj98vfr95sawg7wtpsp027np6df,164A528AB1F9FCB1D5BF051A31027009233CB354,crevalcons1ze999z43l87tr4dlq5drzqnspy3nev65hrrt0t,IPfRORG3HEMTIoZjlcPlyW9EfSaESqysXCImoz4lGKo=,69257,1970-01-01T00:00:00Z
CRESCENT,StakeLab,crevaloper19mt7qa5pralxre8j9v0wae2kvncv8qcghv0chf,E0FDE0660C62ABB3F05F30D28113EBD0E85C88C3,crevalcons1ur77qesvv24m8uzlxrfgzylt6r59ezxrez48l5,2tlozgWA5/Xb+whfWJA+cZdD0vnqmlV2LXuV3CxML/I=,114102,1970-01-01T00:00:00Z
CRESCENT,polkachu.com,crevaloper1gp957czryfgyvxwn3tfnyy2f0t9g2p4pr37yjn,A38343D6430B53CD2971D2F34FEA90F2568A32CC,crevalcons15wp584jrpdfu62t36te5l65s7ftg5vkvwy0g65,gxA5TOrO9L6/gl6knrik4Nu62cH/mKLbJVZVZOICIXA=,68518,1970-01-01T00:00:00Z
CRESCENT,AutoStake (Formerly BlockNgine) üõ°Ô∏è Slash Protected,crevaloper1gkf73mx4zv3ggrf4kuc3v8jm5yv4s0jtrqzkvd,812F75758B0D8819AFBFCDF0B1820F1B9C9A037D,crevalcons1syhh2avtpkypntalehctrqs0rwwf5qmag3d8s9,ps1zG+IeFGTsA2OOqUmsgirVDIM1Z2sklRkPv12KrFo=,29535,1970-01-01T00:00:00Z
CRESCENT,Citadel.one,crevaloper1fdvy6rl6yz44hagtmah25g4vvxd76gh5t8mu8e,5E98F59B6B3C756E59F35907A55ACB2720401158,crevalcons1t6v0txmt836kuk0ntyr62kktyusyqy2c762q2v,28/+0eHw229xvQtB4HPH6+E2NDqwNMEntY/FxrTNAiI=,73458,1970-01-01T00:00:00Z
CRESCENT,Stakin,crevaloper126nxgyruw03fyr3rmxg76squcy08pjtm9zkl5d,96DDF22BC6DCC7CB3A53CFC84F93A9200D2277A4,crevalcons1jmwly27xmnrukwjnelyylyafyqxjyaayaqup6u,0l55qk2VDKne4aK0M4ZROUEodGCfi+Xi8S502F7DTT8=,8223,1970-01-01T00:00:00Z
CRESCENT,Stakely.io,crevaloper1wr0l9tnw3rsmk9tyqr707tta40f7qh2m7ueyq8,C2EF15A336F77A203B99CE2EE088E4D9FBBFC20E,crevalcons1cth3tgek7aazqwueechwpz8ym8amlssw6g6d07,fhRSy62O8vzC6yANm0OBguXgmkYQ8+iLtzUsR0xcCCk=,16957,1970-01-01T00:00:00Z
CRESCENT,blockscape,crevaloper13x77yexvf6qexfjg9czp6jhpv7vpjdww4vsxp4,B61B83F06CFF787C2C502A2FB4D3452180ACF37B,crevalcons1kcdc8urvlau8ctzs9ghmf569yxq2eummla7cq5,Yw8yjgFsgKViHu59C/jFgwm1TVNZks/5uEzDhXjNs4k=,16196,1970-01-01T00:00:00Z
CRESCENT,Smart Stake - crescent.smartstake.io,crevaloper14asv5wwupex5gz6sxtga487r6tf3vdnkl689mu,98F0FEC67F73874F3B2E47047CB7D62B397369C1,crevalcons1nrc0a3nlwwr57wewguz8ed7k9vuhx6wpfpx2xx,RgUV56Dv0nhWfRkYxmM6ICQWHlAkRTzJoVfI8mf+Sro=,18746,1970-01-01T00:00:00Z
CRESCENT,Bro_n_Bro,crevaloper1c96vvme4k42zlvkc56fslmdpa2qj6u80xvqwau,F9C46C746C0988A4C8ADEE8193CE09B92108CBE4,crevalcons1l8zxcarvpxy2fj9da6qe8nsfhyss3jlymne6gq,sfo4aa6I9ZdOrpKC0GEldvobiw2B5JImL0VKYUMCzhw=,14305,1970-01-01T00:00:00Z
CRESCENT,"Frens (ü§ù,ü§ù)",crevaloper1ej2es5fjztqjcd4pwa0zyvaevtjd2y5w9wx6ue,7C45532D3F594E00D4AE693A95DE7219B5102639,crevalcons103z4xtflt98qp49wdyafthnjrx63qf3ehzxtc7,3EDjUc5l0/EpGBOw2kdGf0mdqRLPQLHz3MNhhRVpNm4=,28439,1970-01-01T00:00:00Z
CRESCENT,ushakov,crevaloper1l4crve2ng0zeg0yjxuhuzvxkvzq4g38p4536l8,3DE13691A164D28715AC3DBF355240A7F2CDF2C1,crevalcons18hsndydpvnfgw9dv8kln25jq5levmukpsn696r,DDqZY2QBtJeSFRVcWgVwA5WMZ+QZgBHsIy3tftPZCRI=,47597,1970-01-01T00:00:00Z
CRYPTO.ORG,Stakin,crocncl18nc2zx5rs7jwm7dwk5gvelul2wer8zfykfmg8h,5714915F131F2FDA0E5162F7AACAF761064F8370,crocnclcons12u2fzhcnruha5rj3vtm64jhhvyrylqms44k8jw,V+dqofv+tLwEnEke9CfAxeF0KdZ2LXChW5MNU/L7yFI=,387328546,1970-01-01T00:00:00Z
CRYPTO.ORG,Stakely.io,crocncl1tkev46yqrjzrjzrqtty30ex68eja2zcltyq2vj,C1313A56893E2EF2229AC502CB92B50C696FA45D,crocnclcons1cycn545f8ch0yg56c5pvhy44p35klfza8gxd0s,Hn3f5ZWFb0xljW7Uq+OFcR3EiHJOsaMlgs30DHFxi0U=,519436636,2022-01-13T10:37:10.197225855Z
CRYPTO.ORG,"Frens (ü§ù,ü§ù)",crocncl1dctmve6z0kyjghfcpqqrvlfc7axa3vwaywuehc,AC8C4047A5A932C0C7246BA8F5C1EA52F20E7F1F,crocnclcons14jxyq3a94yevp3eydw50ts022tequlclm8jmu4,QBJ97x6uAoR1KQGjDiLMysifFJWYjLy4tJXzb9mZ5VE=,392883645,1970-01-01T00:00:00Z
CRYPTO.ORG,Smart Stake - crypto-org.smartstake.io,crocncl1s3hd63shz3q3vca8ajptewv3zt7jg6ed9kk2zr,82F8FB080ECECE729062765DB68970D83CD1C980,crocnclcons1stu0kzqwem889yrzwewmdztsmq7drjvqae8x67,HRTfcB86SdMWMS22YmxMf1hDPcxpie96KtBKEbMD7z0=,10051834263,2021-03-28T08:53:30.365967897Z
CUDOS,blockscape,cudosvaloper1lspahzx79erfkqpyfzc8q37r4yu6j288keup9j,6239A1722DE0F178E6F5816E9EB93CCDCDD6ED82,cudosvalcons1vgu6zu3durch3eh4s9hfawfuehxadmvzcfm4ht,2gsSODCJ7y3NCC5iyNZM1uwsQZUDmS43DsltiwuAz4A=,27689054,1970-01-01T00:00:00Z
DESMOS,blockscape,desmosvaloper1dqcs9cgw2mv696je4579w7ulexyges73rneysl,,desmosvalcons1ypqk3hflg56l0z4pt3dhmghfa5uuwxw22aa0zz,CCjf2gW2LS7f+eWSQ3Z7hQe0N+I0C2xMdZQbZQb0tLc=,,1970-01-01T00:00:00Z
DESMOS,Bro_n_Bro,desmosvaloper1sykf8q94l8q8mqstf64ptuvp74ueyehxpgcq76,,desmosvalcons17hxqgr6t7rly0nd0ujkpp0kjju0p60zgtcf7cg,TtzNj2YB1VlByq2h63TeUeWyxR6EXIr4J3Ujp0T7fcM=,,1970-01-01T00:00:00Z
DESMOS,Stakely.io,desmosvaloper1s5gnmccngltteh6ugtsz7fdrykc294tnw2e7pz,,desmosvalcons1n55d4f9g59d6duafn0qsgewfqx7qv9lr9shj2k,adoDSxsT/7ViIpwz8Gxo9Pj6oCv2hzJCPhDcF/7KO8c=,,1970-01-01T00:00:00Z
DESMOS,Stakin,desmosvaloper1567u3n4q6j0zm5mkgtqu9t7eq4g5pr5se74mr9,,desmosvalcons1lrj8437q8aszaa0x6hxa27ms64ap8n3umtjr67,V1dyHokJcax6jCvGqYMdqjKutbXCNJw5z+rV8LxpIvM=,,1970-01-01T00:00:00Z
DESMOS,POSTCAPITALISTüé©,desmosvaloper1426d5fh2jvvr8gervp523698lqsxlwuhyl704z,,desmosvalcons1m5zhynfapkx26vvrklmvnjr75m9y858rds7ulg,pJT1sWviPgGviMCw+bIwBdruohmt+d2IM1+muJkl/Zs=,,1970-01-01T00:00:00Z
DESMOS,SkyNet | Validators,desmosvaloper17ue85ck027c4grv7nuks7k7p4fqnlc55uqhskj,,desmosvalcons14gplglwaw2lzus0x53jnu7qkjyp2wh8exkwm3w,gUDGc3HTDKNwGouwqflcD6iPWWyfK1b9ARID4znfePk=,,1970-01-01T00:00:00Z
DESMOS,StakeLab,desmosvaloper1lzzctd3a839xxk7vf4cwuhcvgcnmxrhrx7d92e,,desmosvalcons1jr845x8cwzmwzccpkhjzamw538exmuf4wwyt6r,5RbqK7zorjbmRbDzfdJP5bV8IgOVy67nowCzCb6CqhQ=,,1970-01-01T00:00:00Z
EMONEY,AutoStake (Formerly BlockNgine) üõ°Ô∏è Slash Protected,emoneyvaloper1z0cwp2wezmaehlhzdmqpx55vhxupuk52d7ucjy,B3CA47EB7725DC2DF75BC54530718709559BE4E2,emoneyvalcons1k09y06mhyhwzma6mc4znquv8p92ehe8zkcuff9,zAwLwmL7MTvL5YkXvR32IcIVlSkJ0hDNONkb1W+42c4=,364941983800,1970-01-01T00:00:00Z
EMONEY,Citadel.one,emoneyvaloper19aas63km0rq96dtuuvjkn76nyyj67qre477gt3,0204D1FC9DFCE756B2B995CE6AA25D9DCE069063,emoneyvalcons1qgzdrlyalnn4dv4ejh8x4gjanh8qdyrrrpq37m,eGiadN+bw4qlAWr8JWcYaS6qPFFbiv7tc9xEIsAzOZc=,886395024534,1970-01-01T00:00:00Z
EMONEY,StakeLab,emoneyvaloper1fskgtauswg2d0p79d9gdqj2yjyfulg3d65dtue,59E632F617F71507561AE1095FB19653E7503128,emoneyvalcons1t8nr9ash7u2sw4s6uyy4lvvk20n4qvfgnjeuun,z34ZkEYdXu92JAynBckZFuNgV/zHXgiA09SoIlV25AQ=,669210591369,1970-01-01T00:00:00Z
EMONEY,Stakin,emoneyvaloper1tw0qj9nuqx8nhn9d0zup64navtc0c4hds9sjwx,00D05092E7372CA2CC317E3F3AC449BD13994917,emoneyvalcons1qrg9pyh8xuk29np30cln43zfh5fejjgh6lk202,JNWmd9anieDqxQjrXsoOhejuUfrCy45PzppGPq0VJDk=,490734064385,2021-09-15T04:41:49.902002895Z
EMONEY,Bro_n_Bro,emoneyvaloper149vyxd36kxpg46rralaw6eejv4d9daqc3nv642,72DD91F0F6491F2AD645904FA6B2D4C59DE08799,emoneyvalcons1wtweru8kfy0j44j9jp86dvk5ckw7ppuewlyfcj,4oQga6+qF6mOq2oABlx+wN10wexoM00aWS/AhXq+EEU=,1271376809788,1970-01-01T00:00:00Z
EMONEY,StakeLabz,emoneyvaloper1u7t7amu8thf33f7cq0xmunxvgpnnd9qlsu5nra,20CCE049D8A0603733FBF642F03A22DC67726A1F,emoneyvalcons1yrxwqjwc5psrwvlm7ep0qw3zm3nhy6slxsm6j4,Ocoz3lwRemA+WYx476bsPZ0ySW+zaR9z0do+nM/1mDY=,270907409053,1970-01-01T00:00:00Z
EMONEY,blockscape,emoneyvaloper1lyy7q6lt5gyt43sxms4tt9smcnrqy2j05xd9sy,2E104AA79312E1EA8241853A7ED0D10E7CCA3267,emoneyvalcons19cgy4funzts74qjps5a8a5x3pe7v5vn82jdu5p,gaKG/+7LayIyFi/LEYUHDWFeSSEYTuIupSWHzj7Ew30=,771662844725,2021-02-14T03:29:41.262509295Z
EVMOS,Citadel.one,evmosvaloper1p5k54qk9jdamvw4r756g7dxsjarf6p0l3huk84,F2F7F5FC0E505FED0DB3306A669DA888E669959C,evmosvalcons17tmltlqw2p076rdnxp4xd8dg3rnxn9vuurdr54,b6RWapvHo2s5K1W6H9e42uCcGuLD9UXwAc4FDgvkcfY=,1693537,1970-01-01T00:00:00Z
EVMOS,Klub Staking,evmosvaloper1rvsmc4k7ay8hc6nlz50lw8hskygvdptmwr3rdl,62C599C2F224C27260CB7C20B479F0E77016C4DE,evmosvalcons1vtzenshjynp8ycxt0sstg70suacpd3x70qzgyn,TthxuNN59jg/FYu5Rz8luXJGJm1sjBIu16P0VHEfBmo=,274612,1970-01-01T00:00:00Z
EVMOS,Cypher Core Remix,evmosvaloper1rw4nendrehkr5tkhjswzy8ts97dvwg7rc0u0kp,BEDEFD2B663C7DDDB52D12F97D5F7C8B420E7BC6,evmosvalcons1hm0062mx837amdfdztuh6hmu3dpqu77xd6fqrh,mF7g7cK5TP8a+tnSJSbWnhn7emmF9k0gLE5JJJsbFac=,114844,1970-01-01T00:00:00Z
EVMOS,Stakely.io,evmosvaloper19fxanpnjlggzuur3m3x0puk5ez7j9lrttexwsw,87EEF8BD85692D68C1632A4AEFCF642E62B4D741,evmosvalcons1slh030v9dykk3str9f9wlnmy9e3tf46pkc9r5c,Em3+LUT+v7cR5PylGBn86OkQG0vgVhY+xVPyzu1aWM8=,418459,1970-01-01T00:00:00Z
EVMOS,ushakov,evmosvaloper1ffvhfte7wgc3sxy2msp423xlgj9ja4mfatusy0,ED775B53EA2BE33EFF09956DC0B9CE02E3BEBD04,evmosvalcons1a4m4k5l2903nalcfj4kupwwwqt3ma0gyenrck3,zWrgEqT4Q9clRsjQ1XIQgrCso4KBBf1yfuxIJ+600q8=,45566,1970-01-01T00:00:00Z
EVMOS,StakeLab,evmosvaloper1f6m9d94lkenw9fy5wmytatt76l849kx6ugdz70,43B7ABBD8A7DDC5C248E14E19EB8CE0C33FAE04A,evmosvalcons1gwm6h0v20hw9cfywznseawxwpsel4cz24w50fz,k/GGDz48IIhKRHgWGNUfwC/MMi53125q4iBmvHHQrFA=,262414,2022-05-23T02:02:58.473667020Z
EVMOS,polkachu.com,evmosvaloper125fkz3mq6qxxpkmphdl3ep92t0d3y969xmt8hz,B6C3DB906FAEF2C8758D1881386E615E8432A91C,evmosvalcons1kmpahyr04mevsavdrzqnsmnpt6zr92gur3fy9x,eYZ+FrvzTxUTfzzQu8/SJyD+nM2vbHn/p1wInDW1s0E=,262849,1970-01-01T00:00:00Z
EVMOS,Stakin,evmosvaloper1sq9ggymzx02vcp7kf6yyar83scfm4r22swu673,5000FB04E89458D6E885228B3140EAE82EA44BAC,evmosvalcons12qq0kp8gj3vdd6y9y29nzs82aqh2gjavkafr59,Pr83ncCOAsVmt+1fYn1Ugk4V6tu+CrlfHnzkZCr3v4U=,95259,1970-01-01T00:00:00Z
EVMOS,blockscape,evmosvaloper1sx5qerxjzthnjzne7wz4x6ml4envjehvwtx8c7,21252C2C48004BB70FAA14F9077DCB1CECA9AE92,evmosvalcons1yyjjctzgqp9mwra2znuswlwtrnk2nt5jl086rj,lDKzmytIEszBWYxJndBAPecAbDJhcfnc/Bl4emgMJuc=,63244,1970-01-01T00:00:00Z
EVMOS,AutoStake (Formerly BlockNgine) üõ°Ô∏è Slash Protected,evmosvaloper1shvcjzhcxau6qtlz9w82a646ecwp4hq7ayqt0w,9B7E37F58B238B506032605B8A8B3D5932021117,evmosvalcons1ndlr0avtyw94qcpjvpdc4zeatyeqyyghffuvca,onq0BLHTHD2bPzhDXbXrk0W2eNPMzK6T9UQriuPYG+w=,398408,1970-01-01T00:00:00Z
EVMOS,StakeWithUs,evmosvaloper1jxruqmfurgxrem4phvaqxkvprxa6fr0ncg3t88,EC470FD9C84B401A4F152BFB4F19734013CD1A26,evmosvalcons1a3rslkwgfdqp5nc490a57xtngqfu6x3xq5qe73,z1E8d5szUIaOYz6TuAAZmOqoqFbwnwyKVtn9iYWoULI=,175369,1970-01-01T00:00:00Z
EVMOS,"Frens (ü§ù,ü§ù)",evmosvaloper14zatq4jagqtm9ejgvglnv0t364d88u80futp65,76692115F93AE444FA857C7BA963F125D8C2E6C6,evmosvalcons1we5jz90e8tjyf75903a6jcl3yhvv9ekxpjy0t7,QZL/OOJgyk+gMQIlY0UkpKwKtGRUGmiuWlTfr8Qz2dI=,2474989,1970-01-01T00:00:00Z
EVMOS,Bro_n_Bro,evmosvaloper1ce4vh0e5kanlgc7z0rhcemvd8erjnfzcyfecl7,6C563B1CEEC386D9A33547B5ADEA62074A3AE442,evmosvalcons1d3trk88wcwrdnge4g766m6nzqa9r4ezz2x6h0h,DxqHTCtegtPPikonb9Wv1KdBtw6IGEaQ/pUmTTKX6x0=,470355,1970-01-01T00:00:00Z
EVMOS,Smart Stake | evmos.smartstake.io,evmosvaloper174jlcery04j6r7wgvequeysruyjlhtcmlhnhy2,7D0F17256D6B22C04E7EC7003834F5BC8A3AF144,evmosvalcons10583wftddv3vqnn7cuqrsd84hj9r4u2yhjg5nd,TdYf8OL+KgZCKC4xLBfHpbrbIW4Oo9G7jAYLC1WwRSg=,64527,1970-01-01T00:00:00Z
FETCH.AI,blockscape,fetchvaloper1zurz6kfq5hrjdcwpzhz25g78waeud3lk60pj8a,61A91C6B7C37C3594A6C427D7FA6A65BEF8466E4,fetchvalcons1vx53c6muxlp4jjnvgf7hlf4xt0hcgehy9z38yf,QWwWg1BVaAN8USpG6LmtPsqB92aTQhBcofbB0BTFfVY=,136512,2021-09-17T07:36:43.177013115Z
FETCH.AI,polkachu.com,fetchvaloper1gp957czryfgyvxwn3tfnyy2f0t9g2p4pn5mfmy,16AAED34868E0A5FAF47744FE0041C885E08D30E,fetchvalcons1z64w6dyx3c99lt68w387qpqu3p0q35cw8l267f,uPc0JETjibN+WDS4Rlmzy+zC9E+d5Oxz5aptXBVdAso=,416228,1970-01-01T00:00:00Z
FETCH.AI,"Frens (ü§ù,ü§ù)",fetchvaloper1ej2es5fjztqjcd4pwa0zyvaevtjd2y5w4trh4w,21B6BF18395236FDBE005EA778ACE3EF0C343D19,fetchvalcons1yxmt7xpe2gm0m0sqt6nh3t8rauxrg0gexftt7h,06lrp2EYpB1ksb5BpNfeJwNnSM6Eb3K/pU/8uU9/Szk=,3376001,1970-01-01T00:00:00Z
FETCH.AI,Citadel.one,fetchvaloper169hpfaau6ey8avzr6dk30f2y6j3gv8x5ds9657,9EBC7EF8F41053282A441020534008BA87A30CBF,fetchvalcons1n678a785zpfjs2jyzqs9xsqgh2r6xr9lsjsgj5,Hbrg4DgsJfbN38473MZzNByDEGtFtjBd1bGeabRFocU=,3957442,1970-01-01T00:00:00Z
FETCH.AI,StakeLab,fetchvaloper1mr8tqsr3cjp4vh30j8h32uluh5nhnjnh8lkef0,FA2EDF8CFD6791E6A2E886A195095C7FEB7EF9A0,fetchvalcons1lghdlr8av7g7dghgs6se2z2u0l4ha7dqm6c20v,fg9bYyUc5RngVJ8uOsAGTPidbzIp+JnG3aRPiLaP1YI=,1702997,1970-01-01T00:00:00Z
GRAVITY BRIDGE,blockscape,gravityvaloper1pwxk989lc74wfysdm22mceeahm83e52nv6xg8m,D98A2661D6FEB218F896D91DA870D6073A288828,gravityvalcons1mx9zvcwkl6ep37ykmyw6suxkquaz3zpgneau4s,rsrbI8NCpm4odRPR7q9fiTej9AK9RKZyFESQCMd1vu8=,13056619,1970-01-01T00:00:00Z
GRAVITY BRIDGE,Cypher Core,gravityvaloper1pjmngrwcsatsuyy8m3qrunaun67sr9x7jmuerl,BBE9D7B054B28249F46335904B76D64E4427FB8D,gravityvalcons1h05a0vz5k2pynarrxkgykakkfezz07udj4y5kw,qbp3YBEEdUlO6QgwCe/urUOVyhy/zV4TgmknS88Arhw=,206490,1970-01-01T00:00:00Z
GRAVITY BRIDGE,SkyNet | Validators,gravityvaloper1zfcmwh56kmz4wqqg2t8pxrm228dx2c6hs487gh,034E7B91239423D3E902F6DD7B2A50EEB34ADF97,gravityvalcons1qd88hyfrjs3a86gz7mwhk2jsa6e54huh2605t4,ZJzLdx4Spob4AssXe2iLg5ILEsF6AXVbSoogagqTKYA=,27249217,1970-01-01T00:00:00Z
GRAVITY BRIDGE,polkachu.com,gravityvaloper1gp957czryfgyvxwn3tfnyy2f0t9g2p4pskxg9g,F428DA746A8F14B5C25D523F943F64504713D27D,gravityvalcons17s5d5ar23u2ttsja2gleg0my2pr385na6xy0yw,cIWtmBXiFY7jRNvjTEWvG4tNoi3D/EXz1xq0Ozm1GrQ=,4227214,1970-01-01T00:00:00Z
GRAVITY BRIDGE,ushakov,gravityvaloper12nad8r47suff7k64v53w4x3hq09rznyc26msuz,E0658B10B826E27FBC9AD781E0B904FCAAE5A3BC,gravityvalcons1upjcky9cym38l0y667q7pwgylj4wtgau9ka8g8,kThv7nnk19ixmMhQOMQNCCvnPcfhjpHfmBlpSWwlgig=,6516319,1970-01-01T00:00:00Z
GRAVITY BRIDGE,Bro_n_Bro,gravityvaloper1vyd4k5j636erx5y5kdqghdu3rfjtwc48vdc7r6,1AA30CA27AC3B8A32CA5B410075E93D588ED5172,gravityvalcons1r23segn6cwu2xt99ksgqwh5n6kyw65tjzr8h0c,K3JrczQuyHaNJEwGWqSV1cK9GMC0wG3HofEoCx18vRA=,2790181,1970-01-01T00:00:00Z
GRAVITY BRIDGE,StakeLab,gravityvaloper1d63hvdgwy64sfex2kyujd0xyfhmu7r7cgxt5ru,7F40C07D8DAFDD91FBFD2BD671A5D15ABD2F3258,gravityvalcons10aqvqlvd4lwer7la90t8rfw3t27j7vjc7lanht,EfxTd+vSlz+Mm3EsXKiABzwkk1+FXit6Lm3Us2P5YZ4=,10449994,1970-01-01T00:00:00Z
GRAVITY BRIDGE,POSTCAPITALISTüé©,gravityvaloper1wqe87574pzjdn5glrtr2h75r233tct73zgw524,81CBDBAFAE91984C73BFA614A000FC6376887771,gravityvalcons1s89ahtawjxvycual5c22qq8uvdmgsam3vnmr6p,4iH/ug59zegJ4WLesL8RcjWMqM9bUHQOda/G5iOCqP8=,101899,2022-07-15T03:02:50.817450377Z
GRAVITY BRIDGE,Citadel.one,gravityvaloper1nyj09trs40txcmemjsqy2l8f0lkga93esgtw02,E16F5800D5108F9B360D03450E59CFF80D5F83C0,gravityvalcons1u9h4sqx4zz8ekdsdqdzsukw0lqx4lq7qtz0z9f,WXxnk/TceIIgFwzv/clmpXJwBAtDmoEoNNGF3Fx4c5s=,14521346,1970-01-01T00:00:00Z
GRAVITY BRIDGE,Stakin,gravityvaloper1haznywsf8l60xftvkgl79dstyuw3vw5x0v7kgn,39A518964A9130BA4832C06397E26F0B2C529001,gravityvalcons18xj339j2jyct5jpjcp3e0cn0pvk99yqpaveaam,wLmW1+yFiYQn/o9rJUT/uEHPVFdU0DnbVheEpnXUJJo=,22831849,1970-01-01T00:00:00Z
GRAVITY BRIDGE,StakeWithUs,gravityvaloper1lc9etukld9c2yhs3y03037ezffyudl0fdd9gny,D1173DB0442EB3B5C131AF265B80ECAC5C27F49C,gravityvalcons16ytnmvzy96emtsf34un9hq8v43wz0ayu0g5m7z,Q+buxqdXrGzskgBseNaw8sFt70tbrq6ZwJZrC5arkz4=,1210381,1970-01-01T00:00:00Z
INJECTIVE,Smart Stake | injective.smartstake.io,injvaloper1xwsnq88kc8wcrp34qenxf3dvhl5n02yj93u755,7D2D96C14632861337AA62C0EF4E3CA096CE1665,injvalcons105keds2xx2rpxda2vtqw7n3u5ztvu9n9z9duxt,vPQtenf7LqV+G+MLhp29oBtj3oGpPBwP7biF1n5gOZc=,341743,1970-01-01T00:00:00Z
INJECTIVE,polkachu.com,injvaloper125fkz3mq6qxxpkmphdl3ep92t0d3y9695mhclt,33ED396C904DD8E9A1C2A43FB37C14F5DFDB6E8A,injvalcons1x0knjmysfhvwngwz5slmxlq57h0akm52r8ef7t,W7XNeQ0LX9klTb3fDlAMPZHe6t3VU7HxinKC7hdIIB0=,300838,2021-12-25T10:00:52.275793929Z
INJECTIVE,StakeWithUs,injvaloper1v2xylfeyry808ltt0hwxggzt0fns6uwh74mku3,94254934252CC8F55DF8FBCAD8431EAA8AEF665D,injvalcons1jsj5jdp99ny02h0cl09dssc7429w7eja6ve35c,3TH3resokAsG4LgJ+u6C3uLhGf9tdpebmApDpcjkflI=,418603,1970-01-01T00:00:00Z
INJECTIVE,Citadel.one,injvaloper1hsxaln75wjs033t3spd8a0gawl4jvxawn6v849,DD2C988B278E526870DD97D7BA75EEAA2FEBD55D,injvalcons1m5kf3ze83efxsuxajltm5a0w4gh7h42awccxtt,mT+Z0UTq93hWl7FhJSpZcc+b07F0OUMcsddSDjJvqLk=,2275208,1970-01-01T00:00:00Z
INJECTIVE,Stakely.io,injvaloper1mwerm24kce7dcl59t6n0caw7c8zxgkrjj9svwj,D1CE87BBE89B737495416E8C44B9F58D2372D5D1,injvalcons1688g0wlgndehf92pd6xyfw04353h94w3cca4p3,4bBFRsRsjjsgH/LiDN0ccg87AVivpIzBnTdA3h1BHKc=,9995,1970-01-01T00:00:00Z
INJECTIVE,AutoStake  üõ°Ô∏è Slash Protected,injvaloper1acgud5qpn3frwzjrayqcdsdr9vkl3p6hrz34ts,F39BF9316C07E4F27EE31951F720783C58D09C11,injvalcons17wdljvtvqlj0ylhrr9glwgrc83vdp8q3q5pvas,i97gIfO3BCu7bSvCKHNBBfb2UYzfP8I9VNx3iaWjUdc=,1099296,1970-01-01T00:00:00Z
INJECTIVE,StakeLab,injvaloper1ackww60mtpc24d3wccxz90wyx5gxq0ggwtnw6c,2F294679E3B781CE383ECF9AD010519019F0BC36,injvalcons19u55v70rk7quuwp7e7ddqyz3jqvlp0pkd3dha4,yLRpuYp8tH6YWPIfcR1Qo20qEIIuqLxpwmfiC6a6w8w=,15721,1970-01-01T00:00:00Z
IRIS,Citadel.one,iva12f8cfz4qqtk3qxym94xme5qyqjl3gpw0hv2hs0,BD43CB6DC9702D21BF67173D435DB61B43AEA011,ica1h4pukmwfwqkjr0m8zu75xhdkrdp6agq3dwg9n0,Qphb450+w7Bx23yH70k4IDvI16RyoW/vtgqe6b+bIZg=,16934048,1970-01-01T00:00:00Z
IRIS,StakeLab,iva1d3z30ndxuqas8vr3mrc7028ykvfaukal0tnj0p,24ECE6DA95FCEEB51262674E6C9E038DA5F4F9CB,ica1ynkwdk54lnht2ynzva8xe8sr3kjlf7wtcseyfz,iUATndsJEM8EJw1olO/p1vGTTrvEQULBRh2jkKrobYQ=,19532865,2021-12-07T18:45:55.172135519Z
IRIS,Genesis Lab,iva1n3hnhva22tykxxekrdq6zup4qcznsr9qc00fp6,E03EFF2582C25675B17C0C34F92BD60B977578EC,ica1uql07fvzcft8tvtups60j27kpwth278vwkw4rv,oy01zFmx5YPz282xVa+tsJZWOsEAPeMCmm6O0+R4yMQ=,16796226,1970-01-01T00:00:00Z
IRIS,Stakely.io,iva14ffz956stez2kgqlvz0g342fkts25hndqcaaqf,5E5ECA1E85EDF43340A3F495C44EFF338E57DE0A,ica1te0v5859ah6rxs9r7j2ugnhlxw890hs23mkkf2,20fUOC7xahHQLxQXBTuL2uiffE4qn2TjBXjbP+VN4Ig=,9079772,1970-01-01T00:00:00Z
IRIS,Cypher Core,iva1kfhee2nqrg64krqa97q3ufw9d0phzp3jjq3c4j,8737B9E89BB479057E8F0273BC76033D595AACB8,ica1summn6ymk3us2l50qfemcasr84v44t9cats6s4,p5sRr59KroFPHGzJAw4mCx+H4VHOc6X3RAvPjk2yKY4=,19719716,1970-01-01T00:00:00Z
IRIS,Stakin,iva1aj6frfd5g0a5d88j6mjpvy0ql5afd5crt90uqx,351F25FBBDF46766CC72D98A32100960CB4F3C32,ica1x50jt7aa73nkdnrjmx9ryyqfvr9570pju02f6e,V23dxgHHLtjDZx50f6dVe7O+872TtrMDxAOlui9KcmA=,6859241,1970-01-01T00:00:00Z
JUNO,Bro_n_Bro,junovaloper1quqxfrxkycr0uzt4yk0d57tcq3zk7srm7sm6r8,71D07A7BA468ABC50B234F93200F4D91B4AA784A,junovalcons1w8g857aydz4u2zerf7fjqr6djx6257z27zgnpd,NXcEaQe9SM44u7jqC1p/Gj5XJO+zb8GU3YECS+mqH2I=,326074,1970-01-01T00:00:00Z
JUNO,Cypher Core,junovaloper1pjmngrwcsatsuyy8m3qrunaun67sr9x7w0ztsx,640B7E370FE54961870389E2BE27F616E72CDB16,junovalcons1vs9hudc0u4ykrpcr383tuflkzmnjekckhq5qmn,LSLd4pR/AJDFRRMy3Ji1P3wWFVhojTFtedRY8X9crnE=,110289,1970-01-01T00:00:00Z
JUNO,Stakin,junovaloper1xdywquvz5g6r5wv6tpkj6chad0fkk459gf9ny6,3B7925E257959679621E750F69FE97277B8DD9FC,junovalcons18dujtcjhjkt8jcs7w58knl5hyaacmk0usysf0h,ZYLfD6GhAIlHdM8Wsi58NUAZ/W0YxUunIQshRwF5GG8=,171993,1970-01-01T00:00:00Z
JUNO,polkachu.com,junovaloper1gp957czryfgyvxwn3tfnyy2f0t9g2p4pvzc6k3,011CA32A120D5F8007BE9D2AA60C1C7AE8F02634,junovalcons1qyw2x2sjp40cqpa7n542vrqu0t50qf35jy5zs0,+aHdBaSsJYDFGYOlOJEEjh6qHrbEktBmCmOiuVp9P3k=,251744,1970-01-01T00:00:00Z
JUNO,Klub Staking,junovaloper1wszlc0l5tfh37mq24009pzf24mavlkx4p97jjz,213643E026A49E93FAB4E53D54C18A77F9B651B1,junovalcons1yymy8cpx5j0f8745u574fsv2wlumv5d38nwkyx,YIrMOsfZWg6nNqUfo09UAg9e8n5ctFV/xYUYLAxOTc8=,417281,1970-01-01T00:00:00Z
JUNO,Smart Stake | juno.smartstake.io,junovaloper1wj4jhrll90knap3vt8z4qs5rrm9cla2kpc5944,CE7B52696BC06193E36BFB10E6CC0A3561D837D4,junovalcons1eea4y6ttcpse8cmtlvgwdnq2x4sasd75sasr64,waVtEQPwo7xjDcFD05ybxwDxCXoVguWwI0WRMISBUuY=,120811,1970-01-01T00:00:00Z
JUNO,blockscape,junovaloper13x77yexvf6qexfjg9czp6jhpv7vpjdww6lkc9h,10DED706EFAE3E176E39559EB9927AC30DB1F0E8,junovalcons1zr0dwph04clpwm3e2k0tnyn6cvxmru8g5gft67,QUNGYSx6yBaVDFdp/Mhll+NPNrrXHb2HqESyua6G/Q8=,208941,1970-01-01T00:00:00Z
JUNO,Stakely.io,junovaloper1hx9yj7qgnp8zhkrqfanvz74mcsg9d8eyskvsxg,C0CA289D913689AC0A9450375E4208F473FD5A2D,junovalcons1cr9z38v3x6y6cz552qm4ussg73el6k3ds4hrwt,xhKXi6bZe6AOnG9N5IneZshI9ssG/9XeGoul2R7CEn0=,168700,1970-01-01T00:00:00Z
JUNO,StakeWithUs,junovaloper1c9ye54e3pzwm3e0zpdlel6pnavrj9qqv0rx2l4,71BDF6B1FBF997AD1875B74F4796CD3D6A5F6D69,junovalcons1wx7ldv0mlxt66xr4ka8509kd84497mtfu056au,RAP98NjGI0ZvZ7t+JJo4nGUAvanM3xgxgET96up5m80=,80134,1970-01-01T00:00:00Z
JUNO,"Frens (ü§ù,ü§ù)",junovaloper1ej2es5fjztqjcd4pwa0zyvaevtjd2y5w2aqycm,6D2B3AC0DEC4412CA87714E1F1B1BEE882E62F5A,junovalcons1d54n4sx7c3qje2rhznslrvd7azpwvt66ghpldy,zyKrdbH3bczXPxy+QvvXfywBKE7nh99TkoKA4RjbASI=,729888,1970-01-01T00:00:00Z
JUNO,Citadel.one,junovaloper1lzhlnpahvznwfv4jmay2tgaha5kmz5qx4cuznf,A50CF609192A6CF1C6835D56274D18B30459425E,junovalcons155x0vzge9fk0r35rt4tzwngckvz9jsj75nnzr0,Sj5Z95WT2rtzzRJrtKRt+TbSqzP/9hKxchP9H58U1W0=,1063238,1970-01-01T00:00:00Z
JUNO,StakeLab,junovaloper1la7th9kc3gdltl53cedxxqpkyk5runudrzwx55,FEE0233B3771EAEB26617E367138A0A6EFAA79B1,junovalcons1lmszxwehw84wkfnp0cm8zw9q5mh657d3zlhcqh,Jfobc/z5RoCG5U2ElnEtz3yNFkYFGN6fRFY3bJHLosw=,191658,1970-01-01T00:00:00Z
KI CHAIN,polkachu.com | 5% fee,kivaloper1gp957czryfgyvxwn3tfnyy2f0t9g2p4pq8jud7,904B4C45C46798A52D0A0B7621F4B0707A0DF109,kivalcons1jp95c3wyv7v22tg2pdmzra9swpaqmugf75pp37,RmF+Tu5lwDE8DxL4jCDhFVIibZua33eyrrUL2HSXg1o=,1479652,2022-04-13T06:59:13.269808812Z
KI CHAIN,POSTCAPITALISTüé©,kivaloper1tpjzxf34mm2kyt5t9w06tpe47d4d6mn7w09j2c,D213A5B200B90C9029EC1F8702B91D962C256C21,kivalcons16gf6tvsqhyxfq20vr7rs9wgajckz2mppdfctqg,nhaSSoLyBHfcJXc2cXPNJj4cA5pONZPRSVUyd3k5hSM=,1499,1970-01-01T00:00:00Z
KI CHAIN,Klub Staking,kivaloper1wx78v65ppxvgnefhfryc8ksja2hqzksmmh53au,FBFC69F75FF8F41F396637B68F4DD8348905300B,kivalcons1l07xna6llr6p7wtxx7mg7nwcxjys2vqtw9eajx,kUX5aV9alH0fkWs+fYgwqcrG46eFCAebx8SPsmyfS0s=,82946888,1970-01-01T00:00:00Z
KI CHAIN,ushakov,kivaloper1jq2td2667h5aqdxa5347g9lpxftfj8zpj9g28j,824FAEF48B67FA81C19B4F4020DF16C106CE108D,kivalcons1sf86aaytvlagrsvmfaqzphckcyrvuyyd9l4fh8,Y9eektyH5ruEx2BkQZ6GzlKK2CoUB9gXjLXkEx364Fw=,815091,1970-01-01T00:00:00Z
KI CHAIN,StakeLab,kivaloper14g4ztk36q529vx8ash7y8hr047kgzxlvyh2ch5,22770E48EF1F4A2DDB16F1FAD67F357E97728A33,kivalcons1yfmsuj80ra9zmkck78advle406th9z3nc0a6eh,7DQMvoVql2snSlFQqOZ25iZeR/5ziWCRVYmfK4PlfYA=,10241812,2022-06-27T18:06:24.849631410Z
KI CHAIN,Citadel.one,kivaloper1umjuwrcn0vdx6w7nxaemv9s6ds0w860k5nrfyr,14235AC305C67DA216E9F5404D1DF5D89BA2DC8D,kivalcons1zs344sc9ce76y9hf74qy6804mzd69hydfaee5s,offD2J75tjVJ7RRy/IjA1Q5JmYQODsHrB9ARxcQn6pk=,14725454,1970-01-01T00:00:00Z
KONSTELLATION,StakeLab,darcvaloper1pk8e47hdlw9mtnphz3klhkeed8wlq8gwjw7m0w,504D1C54CD2BBAE30227CBAFDF1D44C1643120BF,darcvalcons12px3c4xd9wawxq38ewha782yc9jrzg9l2r4lqk,6fYqCPhua7jjtyXvW51SVZ1ZQ/7DkFEyfc5Lv/eS7fA=,1494529,2022-03-11T12:28:10.381919222Z
KONSTELLATION,Citadel.one,darcvaloper1yu5nqdp8pdtz9q9n6h2wt6h5vsk9qhhsq92xn3,6E1C3994C0683257F06A5C85404A579E2DD56700,darcvalcons1dcwrn9xqdqe90ur2tjz5qjjhncka2ecqdsdgg3,mzS7yL3QlR9RQJS6XHjyBHGxrM9Z5CGCzbnZx8ZxD+o=,6563802,1970-01-01T00:00:00Z
KONSTELLATION,polkachu.com,darcvaloper1jt9w26mpxxjsk63mvd4m2ynj0af09csldy6sgw,5F02787E9DC9AF08D682DBB502C1E1BAA1777C92,darcvalcons1tup8sl5aexhs345zmw6s9s0ph2shwlyjs6ghlp,U6gA4tUX2Hxtt36XatOKPvK6oWOb7QsdrfwIcBBDmyM=,24858387,2022-01-30T20:07:36.301635946Z
KONSTELLATION,AutoStake (Formerly BlockNgine) üõ°Ô∏è Slash Protected,darcvaloper14kuh954mw4xp7gz5kvr3vtul0lpz5xt3tecpep,C397C8DE55FEDFF149E955EBA1548B416372C0D1,darcvalcons1cwtu3hj4lm0lzj0f2h46z4ytg93h9sx3a0kvx6,Ar9NsH5YnQKUTEdviUrdpazKuN7jwV63yC6JgLoizU4=,1664974,2022-07-27T06:37:17.487664395Z
LUM,Cypher Core,lumvaloper1pjmngrwcsatsuyy8m3qrunaun67sr9x7dar9zn,970B6CE7201F9FBFB07B4BB437193255E11070C7,lumvalcons1ju9keeeqr70mlvrmfw6rwxfj2hs3qux8mpul0a,9e1wvMGNYwTwfESVxK39w8TX0asbyEcuIbRdiSrfqr0=,1262639,1970-01-01T00:00:00Z
LUM,Stakely.io,lumvaloper1zs59ua4l0h6a2hnh08v8qn76f6qh7uxc22vey5,8CA2E017954C7B3B8770082837C00E5AC9261835,lumvalcons13j3wq9u4f3anhpmspq5r0sqwttyjvxp4xsczam,76I4aAetuZQ+5MtuIEMgFRe6snc4l0nnvph5uKJf8gA=,55892026,1970-01-01T00:00:00Z
LUM,Klub Staking,lumvaloper1yhaswwgg5tz7veknxwaj8vc8rfa9s0nagpmn2t,4F18ED31F8C88ECFFD6CF6E72F56D6C28683B9E7,lumvalcons1fuvw6v0cez8vlltv7mnj74kkc2rg8w08zngrer,whX97kj2JW+snRFqRVckx2N2bbxY7tujWYJmfBzQCaM=,255078705,1970-01-01T00:00:00Z
LUM,Citadel.one,lumvaloper1vujcasxr8nh77yv20dw4lgdkkrkk7krvss8xhh,725FDB378293954A5585D1889AF44BDC88E6BE7D,lumvalcons1wf0akduzjw2554v96xyf4aztmjywd0napdstpv,ylgBcFork774A6WCstcOXK3pYOPx3amKWZ9VhbOLoEQ=,12964926,1970-01-01T00:00:00Z
LUM,blockscape,lumvaloper13x77yexvf6qexfjg9czp6jhpv7vpjdwwedhkhz,9EC766F72CA35D7164588B60F6CAACF874C88EDC,lumvalcons1nmrkdaev5dwhzezc3ds0dj4vlp6v3rkujck9ym,EuTMU5WH36M6Z2aRIoOlwc8duJ6Gs7+O7XizTxAsNb0=,1393746,1970-01-01T00:00:00Z
LUM,StakeWithUs,lumvaloper1c9ye54e3pzwm3e0zpdlel6pnavrj9qqvv38ydq,E29AA3D5FF0994B607D6849AC9DA9298583ABFE0,lumvalcons1u2d2840lpx2tvp7ksjdvnk5jnpvr40lq3hxlw0,FA3+W+V3H5U8lV0hjEu2MCDL9Jaz2b3EYDrpziw6bYg=,81935649,1970-01-01T00:00:00Z
LUM,"Frens (ü§ù,ü§ù)",lumvaloper1ej2es5fjztqjcd4pwa0zyvaevtjd2y5wf0p22w,6D8980C287C2FE50D0C08AA624429B77CF272330,lumvalcons1dkycps58ctl9p5xq32nzgs5mwl8jwgesyuu6zm,B2I7OW/1eHNf6EU9wF7Eji5nnSkMPUygT4QNYmPjTgE=,11502123,1970-01-01T00:00:00Z
LUM,StakeLab,lumvaloper1axqn30kead92gdsg7pusc6ezxx8ltq465r3hv3,32A06E6C5B0E6DE6637EED87D586391A1869A6B0,lumvalcons1x2sxumzmpek7vcm7akratp3ergvxnf4sh5ctf2,ZpcDkfQ6FlmESFse4M1P4cPgmuraP2ggW2uoo65eREU=,214481901,1970-01-01T00:00:00Z
MEDIBLOC,StakeLab,panaceavaloper1tfu4t4c0pywlh8d2g2u3d5xnsxdec8x5hacum5,3463DBC1A681C049F94B40DD0B3F01DA0E4E6C67,panaceavalcons1x33ahsdxs8qyn72tgrwsk0cpmg8yumr80avdn6,KetAncuGEEqq22dDjLfRBfQdPAJ1NrP4q/DlQiNqnxY=,382206,2021-10-01T19:43:40.125860647Z
OMNIFLIX,StakeLab,omniflixvaloper1pzkx9p2upmrrscwxvwgrmvmfrgcnfskxfzm3z0,5560DC18DC6C3797EF8A575BB01A2B058C8E0984,omniflixvalcons124sdcxxudsme0mu22admqx3tqkxguzvyks6s8s,aN5iHjIxC3eCPQGPat99iFZceMr9iVktgj4VOX0XbGU=,10,1970-01-01T00:00:00Z
OMNIFLIX,Klub Staking,omniflixvaloper1p0mwlwed3fmclupzcyf9vept3uksut4mrljhck,F1B5BFA59F5DB8367B20650948B31A306E2E0A53,omniflixvalcons17x6mlfvltkurv7eqv5y53vc6xphzuzjn9kla4r,Gbpf0yJ+XHGH0+gE0nld14Qj6uZYlqLGJ0Y53I9fqrw=,10,1970-01-01T00:00:00Z
OMNIFLIX,ushakov,omniflixvaloper1t8kzp6ctza92fv25g6nrqq9sha9gq828jvwlze,2985FD568F172FA253922668948BDD55DBC5F1D3,omniflixvalcons19xzl6450zuh6y5ujye5ffz7a2hdutuwnxqavxd,DULU/T8pVZPwgd7zHXte5nXwnGqXr8dSLKFVDdU1czc=,10,1970-01-01T00:00:00Z
OMNIFLIX,stakr.space,omniflixvaloper1vcjmshcst9zjh4pydsvqdssg86nzheykssjh5m,7A1FCC71050E63A84ED84F1225CBF84D583E5BA9,omniflixvalcons10g0ucug9pe36snkcfufztjlcf4vrukafx40huf,7Wta0IAU1cbvv3d5rN4/7aUcm78Q5Phg0SMU2WL+b6E=,10,1970-01-01T00:00:00Z
OMNIFLIX,SkyNet | Validators,omniflixvaloper1nrqnmd2g5s4e974n9fxn8t6e83lh6yxqgzlv4r,C66BDAEF9175A61B4247C80374D080589E4D61D8,omniflixvalcons1ce4a4mu3wknpksj8eqphf5yqtz0y6cwcas0kdf,KYqPfTWFCAhr27ms8W2Y7VbUCq8ej2KByljHBYnjMk0=,10,1970-01-01T00:00:00Z
OMNIFLIX,Bro_n_Bro,omniflixvaloper1e8grpphncncw9hrutyvnlv77n5dejwcne58zk4,D57D36210C86BADC549BDEC48610D1A9A43027F1,omniflixvalcons1647nvggvs6adc4ymmmzgvyx34xjrqfl3ef5xsr,I5n7rI5qdebUo3j1cVbabriScz/Qnsi1sWESl88yFIw=,10,1970-01-01T00:00:00Z
OMNIFLIX,"Frens (ü§ù,ü§ù)",omniflixvaloper1ej2es5fjztqjcd4pwa0zyvaevtjd2y5wn7kgjg,138BA808E1806F62A4AD20EA37B0334FA9A9964D,omniflixvalcons1zw96sz8psphk9f9dyr4r0vpnf756n9jdq0arnf,+4hlazIAFv/81lEMo4KiwUAJ82NYh3dVkVvARlegchM=,9,1970-01-01T00:00:00Z
OMNIFLIX,Stakely.io,omniflixvaloper1u0ch8y4ts6qxaqgw5h05mvtca0zq9rtfdwpytm,2A7CD3E4433CABF41837A812AB2307A84DA4A243,omniflixvalcons19f7d8ezr8j4lgxph4qf2kgc84px6fgjrdq6v4p,734k2mVHAYJi+PX2a/33XktrkWo5Xbc8EAx23KpVvU4=,10,1970-01-01T00:00:00Z
OSMOSIS,AutoStake (Formerly BlockNgine) üõ°Ô∏è Slash Protected,osmovaloper1pxphtfhqnx9ny27d53z4052e3r76e7qq495ehm,68A393C7ED496871150C0A7CAD0CAC09B8E458FB,osmovalcons1dz3e83ldf958z9gvpf726r9vpxuwgk8mzs3kzh,bU1m3aDQwxIpqFYubjZIhSvYCia1MQSfTaaXJBg38nw=,652011,1970-01-01T00:00:00Z
OSMOSIS,Cypher Core,osmovaloper1pjmngrwcsatsuyy8m3qrunaun67sr9x74vvvdk,E242DB2CB929D6F44A1A2FE485CC7D3F620FFAEB,osmovalcons1ufpdkt9e98t0gjs69ljgtnra8a3ql7htthhkvz,s5PS5N/ichjOxyDowRowgjqZChE3Q/qEweTIK3Sn/X4=,315490,1970-01-01T00:00:00Z
OSMOSIS,SkyNet | Validators,osmovaloper1zfcmwh56kmz4wqqg2t8pxrm228dx2c6hhzhtx7,800FF47897D19DCDF7E20CF308C993E304E6EA93,osmovalcons1sq8lg7yh6xwumalzpnes3jvnuvzwd65nqaht9d,4kc9OXQQiGyNRTXlrCxltrzgWLUpV504J4RhQ5YLpMU=,181637,1970-01-01T00:00:00Z
OSMOSIS,Stakely.io,osmovaloper1z5xyynz9ewuf044uaweswldut34z34z3cwpt7y,C9E615289D1D92E50292C3B0BD8358D9B2E40290,osmovalcons1e8np22yarkfw2q5jcwctmq6cmxewgq5s76935r,gWt6q+82LR2nMWHo7k2q5LGLsXzuZGajZQVFyqkzygY=,313814,1970-01-01T00:00:00Z
OSMOSIS,polkachu.com,osmovaloper1gp957czryfgyvxwn3tfnyy2f0t9g2p4phpkatp,51D7D05A659208A6576190AEBBE8F07603851515,osmovalcons128taqkn9jgy2v4mpjzhth68swcpc29g43hvt7g,YusezK9A/ivVeYQl9AO00x7aS4nFkxEbinwZHhsgVPg=,821576,1970-01-01T00:00:00Z
OSMOSIS,blockscape,osmovaloper13x77yexvf6qexfjg9czp6jhpv7vpjdwwpuclc8,9496535A8F2945BDB60572015D2D6F721AB6FED9,osmovalcons1jjt9xk5099zmmds9wgq46tt0wgdtdlkedlyed8,eAeAUKnPvGxb6hEQ4VxzVO+6ZWvyqn1OjtzBjqzBKxQ=,350574,1970-01-01T00:00:00Z
OSMOSIS,Bro_n_Bro,osmovaloper13tk45jkxgf7w0nxquup3suwaz2tx483xe832ge,63481F6DCAAF733D2FC953A335C2200EE190862C,osmovalcons1vdyp7mw24aen6t7f2w3nts3qpmsepp3vqxtep8,Z3A0fCkaKR09vvDT7x18I2IczxvVpezksPpsYyK1n2Y=,1103261,1970-01-01T00:00:00Z
OSMOSIS,ushakov,osmovaloper1crg24mgm8l3qe7ej9l8t7tsttp40aaas4xmkhx,8014BA212ED388597510D064258F5E30AA30D591,osmovalcons1sq2t5gfw6wy9jags6pjztr67xz4rp4v3lgpkyj,xP04sdg7xwZqPpOYaoTIjOhCgQjXK5adgghQLpkP6MM=,284308,1970-01-01T00:00:00Z
OSMOSIS,StakeWithUs,osmovaloper1c9ye54e3pzwm3e0zpdlel6pnavrj9qqv5qgdz9,3E88E7C54F64642A98B2E1DDD5BDBA48794F06C7,osmovalcons186yw0320v3jz4x9ju8wat0d6fpu57pk8hsts7t,euJubdwp0WNjX9xPVRYcMaBPd0NCP9mKKMcUVtPhqQk=,393883,1970-01-01T00:00:00Z
OSMOSIS,"Frens (ü§ù,ü§ù)",osmovaloper1ej2es5fjztqjcd4pwa0zyvaevtjd2y5w37wr9t,768A82700E3046E6DAF849664579E649597CC1B4,osmovalcons1w69gyuqwxprwdkhcf9ny270xf9vhesd5wawky4,Nu3YALmVf7kvRXbCCxliwcPHmD8vmRMr9Q39lbK41w4=,3149059,1970-01-01T00:00:00Z
OSMOSIS,StakeLab,osmovaloper16q8xd335y38xk2ul67mjg27vdnrcnklt4wx6kt,9E7CAE009EFFF4D163F3FB8781A07B25C2B10B32,osmovalcons1ne72uqy7ll6dzclnlwrcrgrmyhptzzejf8ef65,m/n7S1ZO+kUtI7+xgCGnklo5iXgMdI9Qvif2VcvHYjg=,3427161,1970-01-01T00:00:00Z
OSMOSIS,Klub Staking,osmovaloper16vnsrhxsyamf4f4eln6g587qwwd39fte2m2ysc,3FF6C988799C1ADF3ACA0DA56143C8163890859A,osmovalcons18lmvnzrensdd7wk2pkjkzs7gzcufppv6lv6h76,l3aWelif4qSwnxd38PcxvOB9F8ood4oBIxwQjcKb/og=,966602,1970-01-01T00:00:00Z
OSMOSIS,Citadel.one,osmovaloper1lzhlnpahvznwfv4jmay2tgaha5kmz5qxwmj9we,99063B919404B6950A79A6A31E370378FE07020D,osmovalcons1nyrrhyv5qjmf2zne5633udcr0rlqwqsdxrrrqq,T1wp5ELzvqVOqBm6eGYiQQWe0TaC2LV2BThHaVxh/rk=,3589002,1970-01-01T00:00:00Z
OSMOSIS,Smart Stake - osmosis.smartstake.io,osmovaloper1l7hln0l79erqaw6jdfdwx0hkfmj3dp27gr77ja,95B002DE67707313D123D06492F1A7A58478E546,osmovalcons1jkcq9hn8wpe385fr6pjf9ud85kz83e2xnklck8,PA+RvSpVTcAWBD/+nxXltHLaOdaUzbrpNGfjMak/usU=,1075378,1970-01-01T00:00:00Z
PERSISTENCE,Smart Stake | persistence.smartstake.io,persistencevaloper1qtggtsmexluvzulehxs7ypsfl82yk5aznrr2zd,44F2CE4E31E06F72E1D620BBCA6F097A4CCE3B58,persistencevalcons1gnevun33uphh9cwkyzau5mcf0fxvuw6cyrf29g,1VZr7Rk9O/hT3/MZ6SWcEQWIPbDPD68kjz6/FHViHPg=,846290,1970-01-01T00:00:00Z
PERSISTENCE,StakeLab,persistencevaloper1r7gdc8ag4ktmrvhed2xp09n3klrjuznwdzsru2,DEFD0657F9107FCD44BF9ACBC6C1B87D852E1D24,persistencevalcons1mm7sv4lezplu639lnt9udsdc0kzju8fy5zgjmh,pwUendamICm9ZDugpfnfH9DwELyGKbufk4ymBIPR3oo=,336058,1970-01-01T00:00:00Z
PERSISTENCE,Stakin,persistencevaloper1xykmyvzk88qrlqh3wuw4jckewleyygupsumyj5,A24D21F24C861FFC978D92751A3EB06D7F36E3BB,persistencevalcons15fxjrujvsc0le9udjf63504sd4lndcam8ep4cs,B0k0M6qrIFi0XvCUhcVPJ1UlMQ4cQAmhRhY5BZIKxwk=,319689,1970-01-01T00:00:00Z
PERSISTENCE,Klub Staking,persistencevaloper18huc90klzgcc23mmaf6pzmsln8p9a5ve2kd4vk,E8C16AD7212CE50D012A4739BD2C3C3A83DF5758,persistencevalcons1arqk44ep9njs6qf2guum6tpu82pa746ccgqaca,ueGunPD25/Hky1G8fwcF1s3mIwFiACE9s4026k4azrw=,407956,1970-01-01T00:00:00Z
PERSISTENCE,StakeWithUs,persistencevaloper12lkrzza9rem2mv7d247cmxjvh7cql6rcug82qk,0EEFAA96C91E32584A8591488966FFE77609E1F4,persistencevalcons1pmh649kfrce9sj59j9ygjehluamqnc05qr77wg,QyMlPjpx0+wRSxylnb/INpYodeEHjKtmyayP8WAElg8=,2039293,1970-01-01T00:00:00Z
PERSISTENCE,Citadel.one,persistencevaloper1tv288tg8fa0a53742949m4swph0x2mfg7jsc22,A5B2A74E93FD8280E0477A634974581E56463548,persistencevalcons15ke2wn5nlkpgpcz80f35jazcretyvd2gc22jds,KgRhaP++fBF4cpdYtXsvPk9IjlMKQhpeTQ9dE1hYpnc=,1058001,1970-01-01T00:00:00Z
PERSISTENCE,"Frens (ü§ù,ü§ù)",persistencevaloper15kq5p4z3c26kjkls5ppqvvq939wv3ey3er3vcz,7811458A793191B3185F6006BAE413CE1941F48A,persistencevalcons10qg5tznexxgmxxzlvqrt4eqnecv5ray2a73mdr,Lu9AeTNpzeGAUkdFhsrWkcdfOF2iPW5VEhuZIQx6pio=,155407,1970-01-01T00:00:00Z
PERSISTENCE,Stakely.io,persistencevaloper1hmugz9ge5kmfvfaf3ljjzz4phl0rd3mks00v9z,86F06B20724830AE4B48AE7C3200DF40E6B6498C,persistencevalcons1smcxkgrjfqc2uj6g4e7ryqxlgrntvjvv59044z,DM3qbAR58UDzNT8PKeOBPPTP4oOS8puJhglVFLkjV8U=,201535,1970-01-01T00:00:00Z
PERSISTENCE,AutoStake üõ°Ô∏è Slash Protected,persistencevaloper16jd664rd04j5lyckykjedt7vrha7k822vlkxty,544812EA4B0982E56D4B4D8A087B58AC76603660,persistencevalcons123yp96jtpxpw2m2tfk9qs76c43mxqdnqtfjmch,eA0DFiE1ZURSTLtltHhS1P7u3lqyYBewrKH0Oekabv8=,51026,1970-01-01T00:00:00Z
PROVENANCE,Cypher Core,pbvaloper1vj7spk9mqul99vp5f7d2e3rx0lfg5nakq86v4r,9CC9A0A0C7A55A92E7E8D60E53D51CCEDACB61D0,pbvalcons1nny6pgx854df9elg6c8984guemdvkcws86cmup,tDX1B1zVCD94nWqYKAxzYFxVLHA7n+P7Jhqpq2Iw/j8=,21577783,1970-01-01T00:00:00Z
REGEN,StakeLab,regenvaloper1gjvu75cq6qxyrtdv66lx9xe92jw9gqdetagaze,1B62410E3C11A278E7F2DE06153D629957416A11,regenvalcons1rd3yzr3uzx383eljmcrp20tzn9t5z6s3h7qmyd,gCpeXCFwjVlx0itOc5gCypG2Nq4k1lCQZc8krGCoyOs=,3669863823,1970-01-01T00:00:00Z
REGEN,Cypher Core,regenvaloper1t2ek3whhllrlkq44phrc729kpw7dg9wkd5fkhx,BF211F21E5593009A50A3112132880869901C6A0,regenvalcons1hus37g09tycqnfg2xyfpx2yqs6vsr34qvvcekz,M1HTjAbKbbD7RirqeCxtrlfbcZrbsxpVLlrzt2Zvgz8=,9340498544,1970-01-01T00:00:00Z
REGEN,POSTCAPITALISTüé©,regenvaloper1d92tfnkge6qcvt3jy42j0dx6vvt4tjmfldmhue,EB7937D1CC0233EF1F2A4BE07AF19E974788FFDA,regenvalcons1adun05wvqge778e2f0s84uv7jarc3l76vtfc3z,9SJKKAZuEXMsBHffx5Hb/3quT1R+1XrppNCzoFuFMSk=,1021690348,2022-08-21T16:37:28.953350903Z
REGEN,blockscape,regenvaloper10yhlcvh88sux4zmf67udhg5f5z2803z6wujgj9,CCE0C12C6C17B7E2B2F24796F8C93865FE752B3C,regenvalcons1ensvztrvz7m79vhjg7t03jfcvhl822euhmgzyv,54mnWakAy8Hp5CE98dFO8Djs394D2zGeQOxtIiZeFyo=,13311410895,1970-01-01T00:00:00Z
REGEN,ushakov,regenvaloper10ly6x72gn9jaq97yt0xr0mxgmzg4zxygxpejqa,A3C1E0702737DA3A9896115AB42E8A40266A4446,regenvalcons150q7qup8xldr4xykz9dtgt52gqnx53zxvcvrnk,o+rsN3srSoUiHhRI44lCSDMniSDDnV61f6pl2Jp4j0w=,11834470181,1970-01-01T00:00:00Z
REGEN,Citadel.one,regenvaloper15t7cmpmlgzllvs2wv4zly3lhsd0yd02ktppmsm,4B8342A1F8E89F8FDA2DCDE316EDD4AB4A5FA822,regenvalcons1fwp59g0caz0clk3deh33dmw54d99l2pz5c8vn8,dbBRl6KnM3SRmlRuzudG4N6WFK9YbEyC93SowtB3cZs=,10598417229,1970-01-01T00:00:00Z
REGEN,Stakely.io,regenvaloper1kzhxmgp8z05zrj90nd8h5qx9pm949an5y7nwsz,423AE5251C0A97403C6E08FFCDD0D1BDAD663F0C,regenvalcons1ggaw2fgup2t5q0rwprlum5x3hkkkv0cv8v0ps7,3tg4r0RlcNLEu6oHEB4Yz0cAs90pcavSXtHyXs+VR+Q=,9401953036,1970-01-01T00:00:00Z
REGEN,Stakin,regenvaloper16dxk5trv9nz7jnpyvz48ngve45an4hkqkuafza,5B5C2F061733B185619AF94D4A577FD6C0A54C2E,regenvalcons1tdwz7pshxwcc2cv6l9x554ml6mq22npwsypg5c,0DQYnKQYmSSYYSW4jdxhDVLufsGUn8uXdLmEO8Rl/vc=,9923778303,1970-01-01T00:00:00Z
RIZON,POSTCAPITALISTüé©,rizonvaloper1ra2kdevuaf9drwkh0a62hat0nmsclylcp5c34j,0D0FA9D69308E9D1592AE9E80BEA315ADE039F0F,rizonvalcons1p586n45npr5azkf2a85qh633tt0q88c0rs6mnj,zi3N8vLjg3A8dEr4bg8Cxb8urh9GyOQvbHuhe6adgSE=,13935,1970-01-01T00:00:00Z
RIZON,Citadel.one,rizonvaloper1t7g0jeqhh46jkpyhfjnwsa2fr35k4zjrp35dzc,59C9E4077578B1FE5AF8284A8C3A69CDEDB479B7,rizonvalcons1t8y7gpm40zclukhc9p9gcwnfehkmg7dhv56yg9,sNlWaizLzT3QNqIgFI8tU2JUW2JEjp+d+sn2J2uvQDk=,14312070,1970-01-01T00:00:00Z
RIZON,Cypher Core,rizonvaloper1j0p4pmqdrase4rynv4jm8k9enlgym3f56gx2ur,04C0620DA67FFA9DFDB519594B4BBCF1021C621C,rizonvalcons1qnqxyrdx0lafmld4r9v5kjau7yppccsu0h0nlc,rD85SWcanT5nFdOHpVClwTDD5IUyxYoiDPoFBjnmyI8=,8508723,2022-04-30T04:48:22.885041618Z
RIZON,StakeLab,rizonvaloper1494l9eavjxecx8faxnfx7k5c4x6xneye5rzs2a,B25DE9D5F2A6D1E05C99DEC60CB28D46A0750DFD,rizonvalcons1kfw7n40j5mg7qhyemmrqev5dg6s82r0a73wfmt,7D4wQR9/AqGLrNszTC5NGAu9DFGBdov5UVe0eYQrve4=,2268631,1970-01-01T00:00:00Z
SECRET,Citadel.one,secretvaloper1x76f2c2cuwa4e3lttjgqeqva0725ftmqvgvfnv,2E76AE6E453395F35D6C0728D44FB6147CE5B5A0,secretvalcons19em2umj9xw2lxhtvqu5dgnakz37wtddq9qyaul,fdzXH52SQvEkgykh5hYazKraLu07ppXBjPIyG2lz8Y0=,13782722,1970-01-01T00:00:00Z
SECRET,AutoStake (Formerly BlockNgine) üõ°Ô∏è Slash Protected,secretvaloper12y30xefd0wg53xtyv9lw7mjcdvf8nxgzzva3sr,C2A4856A7EC5E1AEE6712B5F84AD0ACDE44D1F8F,secretvalcons1c2jg26n7chs6aen39d0cftg2ehjy68u0gz3cy8,WexxXZt1GjvEcZOMNvmxRqmavrAX20JBMs+juS/3JkQ=,1684825,1970-01-01T00:00:00Z
SECRET,Stakely.io,secretvaloper1vzkdmu0sa8gaj686jh5all7hpmmsp8x87vyz8z,10A163F613F952A848678462C6AD23798A80C565,secretvalcons1zzsk8asnl9f2sjr8s33vdtfr0x9gp3t9tg4ral,AMCL79oF8cN+7gf2zD/pywNsiCiwenRw7dY9YFcqoiM=,590945,1970-01-01T00:00:00Z
SECRET,StakeLab,secretvaloper16w5hlcf389le2n60t32eqf43plp539ged9sruy,EEA713C5DA7B8F682242B47055B4DE7FFB431021,secretvalcons1a6n383w60w8ksgjzk3c9tdx70la5xyppg3es8v,66I3RGflhObNYQYCFgRmyfVLq8LZbO0dl2d+GTcjA10=,928883,1970-01-01T00:00:00Z
SENTINEL,StakeLab,sentvaloper1gwqt4jzhtvms8u57gpl4tzxjxqq8fss2j3hx48,B856AB9B2B6562F49B14F6AC9547CEB3568D2537,sentvalcons1hpt2hxetv430fxc576kf237wkdtg6ffhmjfkll,2JB/vkvTFOt/zXEB7YRFWADajXGkA7JsWY+RbLkJChA=,245150505,1970-01-01T00:00:00Z
SENTINEL,Citadel.one,sentvaloper1wmeez9g4tepgfnt66989tf4j2zzfwckfhgy0gh,3718B5484425605AFBD5483AD590CA1E85429DDD,sentvalcons1xuvt2jzyy4s94774fqadtyx2r6z598wa04y2rj,mArXfTP0sv97btGe2Va+X+gKuP9KXDU+bjOOAFNUgGY=,151413859,1970-01-01T00:00:00Z
SENTINEL,AutoStake (Formerly BlockNgine) üõ°Ô∏è Slash Protected,sentvaloper138dhtmfslt0ls4ec0jumj8tyajry4dfuv27jay,9F478F8D407008B415BA721548A8A2D010254E19,sentvalcons1narclr2qwqytg9d6wg25329z6qgz2nse77frty,Wi4HKEEZChdl23KYDKi3IkUm9bWZR0nd+rb0IjK574E=,330072737,1970-01-01T00:00:00Z
SENTINEL,Stakin,sentvaloper13gmgxsxdvmytnr75uscuw350n6f0qfrvgdacw4,B0A775D0DEA4C1D6CFA7A9543C351428E70778C3,sentvalcons1kznht5x75nqadna8492rcdg59rnsw7xrnpfk5q,DiM3kT6zjfLGNco+pkOD7KKpqjhZdiuZz026omA++Ng=,121248639,1970-01-01T00:00:00Z
SENTINEL,StakeWithUs,sentvaloper1c9ye54e3pzwm3e0zpdlel6pnavrj9qqvzj62gk,D7277724DF35B04608F41ACF910A8CAE99304D15,sentvalcons16unhwfxlxkcyvz85rt8ezz5v46vnqng4nz9gem,+a6GyXr9kQNr6oLiZq9C6b3E66swXY0QQA6J6ai4U3U=,117533003,1970-01-01T00:00:00Z
SENTINEL,Klub Staking,sentvaloper16ja8llaa3lq8zaag4cgp0enqhpf2yhhme5w3zu,163CDAC3272954D67295BC7B952C7FD2A78E005D,sentvalcons1zc7d4se8992dvu54h3ae2trl62ncuqzakq2z5c,fHNiVAXw2SAjixkS9+Fjh0r3QomX+geEFuOHwMgbrQU=,67990403,1970-01-01T00:00:00Z
SIFCHAIN,Cypher Core,sifvaloper1pjmngrwcsatsuyy8m3qrunaun67sr9x7tlsrrc,02D33086D3319DD93B0F74CAE7E9445386A8EE4F,sifvalcons1qtfnppknxxwajwc0wn9w062y2wr23mj0ess3m9,D4Bl9AOb9SR0A+xYmATxCj/7sSAizkUs1a0yEPcpXjQ=,1540767,1970-01-01T00:00:00Z
SIFCHAIN,Stakely.io,sifvaloper1r9ssdmc2xm3kv2y5m35mhrvnqms4pjw27umt2l,81ACC9DF6B47D6E78C32E3F34686EE8B70A2F788,sifvalcons1sxkvnhmtgltw0rpju0e5dphw3dc29aug7uzwml,XQM7tMdRtZ5fVl2NIAPVuJuKuiDhi6c/c/5kXLYXj1Q=,20912647,2021-04-30T12:08:32.812317796Z
SIFCHAIN,polkachu.com,sifvaloper1gp957czryfgyvxwn3tfnyy2f0t9g2p4pfj2j90,49BE27EB39A1BBB185E7457CD8FD6D221FDE9924,sifvalcons1fxlz06ee5xamrp08g47d3ltdyg0aaxfykumw0l,QA4/bidVt2DSpe8tYKqER1O+kDxUZhB3i/K4fT1QLxs=,42576923,1970-01-01T00:00:00Z
SIFCHAIN,Citadel.one,sifvaloper1nh90hjeljehpcmuvu3ldw59842kvhgn286nv8k,2D617412C072CE9808BC91C5298BD0F8777D6ADF,sifvalcons194shgykqwt8fsz9uj8zjnz7slpmh66klyv9h7u,gYzY50PzLNSXK7BtgfXfc3N7lquh++F6FB54fyc5qWk=,37743513,2022-05-02T10:20:28.006581951Z
SIFCHAIN,ushakov,sifvaloper14tm9600fx088jw55gypcwkwh04j34e9jgc0p8n,3874DAC9791F396AD138B7A5966349CDDB76FC47,sifvalcons18p6d4jteruuk45fck7jevc6fehdhdlz8k6nltn,Fiwc0xp7N9FYGLIOtm1H575QcXkZvKYcExzbkloLEmY=,2428735,2021-05-04T02:44:39.838141352Z
SIFCHAIN,StakeLab,sifvaloper1kttxh8lxsmez56pen3cw307raf45fj9vmvwn5j,92581698028379A1C3E16BCEB6C6DD91963B7828,sifvalcons1jfvpdxqzsdu6rslpd08td3kajxtrk7pgvdjw57,HRLvtIbQL1a9r+Fp/oQGk+vtGwYXW6Dv+DeAkcz4+9s=,11830605,2022-03-05T03:05:49.675606080Z
SIFCHAIN,StakeWithUs,sifvaloper1c9ye54e3pzwm3e0zpdlel6pnavrj9qqv2n5zvt,F3B964EE62878E7BDDB75B9C2C9974897849644F,sifvalcons17wukfmnzs788hhdhtwwzext539uyjez0tex3g2,I9QaM9nPxHDpvEejw00DLSeRRssu6Ymlo600bApemIA=,1943762,1970-01-01T00:00:00Z
SIFCHAIN,"Frens (ü§ù,ü§ù)",sifvaloper1ej2es5fjztqjcd4pwa0zyvaevtjd2y5w0djvt9,D7907CB8B6CE53AD1B988DF4E0DEBEFF81EBFA8F,sifvalcons167g8ew9keef66xuc3h6wph47l7q7h7508ykf4a,pu3uXtw/m0qiNfSUSyw96irKkCuj9aQ8q9St/+vleIE=,14640500,1970-01-01T00:00:00Z
SIFCHAIN,blockscape,sifvaloper1u7gfsx42k88sk6qr23gjdu2y5gkhm2h2zkryc5,393C45D504FF5F21A9BFF441E3B5283801164DBE,sifvalcons18y7yt4gyla0jr2dl73q78dfg8qq3vnd7lxesk7,YTJekt6aBbIA41k7cZkdXu9offoBLAvuTBozhVRsX58=,1023735,2022-08-10T02:16:30.678631687Z
SIFCHAIN,Klub Staking,sifvaloper1a4g9kg9dkugrukq3drh6gva8ses5ekw6gdrspn,831DDCE09E0CB3B4AE2A70AED9EBEB6B5B6F02B9,sifvalcons1svwaecy7pjemft32wzhdn6ltdddk7q4e33qsej,qXWO1kwVCS91W8d+oY6jVjYVWGl1mb9WfCcCOFbMBfo=,1706259,1970-01-01T00:00:00Z
SIFCHAIN,AutoStake (Formerly BlockNgine) üõ°Ô∏è Slash Protected,sifvaloper1lnhxf6war6qlldemkqzp0t3g57hpe9a6nh3tyv,E9F31461680B2980839166C396D56DC57D1761C7,sifvalcons1a8e3gctgpv5cpqu3vmped4tdc473wcw8e5scmk,6cj/MgsH7cpSW5F0amQ1PkaUkn0JxGPdlIjXeKbagag=,93029495,2021-03-04T07:12:03.868267489Z
STARGAZE,Citadel.one,starsvaloper1qv2tdjma7dcg6jmgawwd0aajjcx89rqca0cqgr,95D466FA857DD36CB6A7A8690B33A7D798A7E656,starsvalcons1jh2xd7590hfked484p5skva867v20ejk9mgjxt,dVNViULArUYy6fdinMZ9LhvaYAQ5lm1Uml/iC7G6Mnw=,13516103,1970-01-01T00:00:00Z
STARGAZE,Cypher Core,starsvaloper1pjmngrwcsatsuyy8m3qrunaun67sr9x7cz5ku2,5E931B97A1490F9CA2DF13CC035BBC9AC36B8570,starsvalcons1t6f3h9apfy8eegklz0xqxkauntpkhpts38a9un,pbspgK4tJIRsoTIurcGogwCPlCbkM5VNFS0o0EUkidM=,3200378,1970-01-01T00:00:00Z
STARGAZE,Bro_n_Bro,starsvaloper1y58hfnm90r4efhlydx0gavz57lvm7k6uulkg3h,9679E0B7943D9738706B13A73B0424F0B3EF83A3,starsvalcons1jeu7pdu58ktnsurtzwnnkppy7ze7lqar5ljem3,IbIpXSW68+SZANwRPA6E/1I3OkhryNb/7qpExf5MipU=,10212876,1970-01-01T00:00:00Z
STARGAZE,polkachu.com,starsvaloper1gp957czryfgyvxwn3tfnyy2f0t9g2p4p60w86a,A73D4185F152F72E7439B3A9BD6E60A6DD68792B,starsvalcons15u75rp032tmjuapekw5m6mnq5mwks7ft48ew7v,4nHphD7vSZ9I5SyINCoTPky1nKQoTAf0V46cX5hSaaQ=,5963128,1970-01-01T00:00:00Z
STARGAZE,ushakov,starsvaloper1vpy82purcj983jx8jt29py7v2eamv9yq4s0epf,2106A7EB2F89A564C84EE6746B12CF0DAD37CDC6,starsvalcons1yyr206e03xjkfjzwue6xkyk0pkkn0nwxfap9c8,ERn5b1U1fBStXNCMLoAJ5MfJ+8bpCnqonN6Tb9mtitQ=,4917491,1970-01-01T00:00:00Z
STARGAZE,Stakin,starsvaloper1swer6tl0s59g82xnq5gmgsdueld79wpw8vptlu,0D34A3837BFCEDE10092FB8923D10AB58A1D936E,starsvalcons1p5628qmmlnk7zqyjlwyj85g2kk9pmymwgyj7rv,8NzOqC+WQ8gevO/Xr8nYPR+tFc9LVmzIcS48UsyGzwg=,3289870,1970-01-01T00:00:00Z
STARGAZE,"Frens (ü§ù,ü§ù)",starsvaloper1ej2es5fjztqjcd4pwa0zyvaevtjd2y5wuske5h,83C4936179B2D01DEEE1142B805926EDBF68D2AE,starsvalcons1s0zfxctektgpmmhpzs4cqkfxaklk354wphrnvq,GgXIxUYgOinJbw8jO1OsSDD5GiPDiRvuhs4UwLE5dkI=,5349749,1970-01-01T00:00:00Z
STARGAZE,StakeLab,starsvaloper1mz2qks48v486d9m8wp4l9fxm2e9l0e0kzk79m5,A4766870CAF6D0C052268BB3BE1E904FC3E4188C,starsvalcons153mxsux27mgvq53x3wemu85sflp7gxyvkhzwsn,AYCus9Xfc1bwuszUuMGjYnv/btd03QPJalpbwvrT91k=,21130309,1970-01-01T00:00:00Z
STARGAZE,Smart Stake | stargaze.smartstake.io,starsvaloper1ux7vg9ph4p68pg7e2l5yn703xllec388y2t65a,26448EEEEBB0B7F8854D76BC07776A44818CE0D2,starsvalcons1yezgamhtkzml3p2dw67qwam2gjqcecxj7ml2tq,2aEuilpAM27lfbbovdxCuc/605DfH8U0wRjBWxwlCVM=,1354847,1970-01-01T00:00:00Z
STARNAME,Citadel.one,starvaloper1y0w5qhdf6aj90u7knykdetqus4nc2axgkrt8vn,21CE102F23DA38A026B985D25CE0CC7CEAC94610,starvalcons1y88pqtermgu2qf4eshf9ecxv0n4vj3ssyf67s6,2seo/V/1szvbwlmxf2SMmoZ4UzrxkTV25TtY+Cnqbx8=,973802,1970-01-01T00:00:00Z
STARNAME,StakeLab,starvaloper19cx56quwsd03s4xfzkx39je4ag9c5lcvkhn3rv,8EDD3CCC261A9D73D7C36233CB30596540D6A0CA,starvalcons13mwnenpxr2wh847rvgeukvzev4qddgx297jjf0,hWdND1ZaxnS1QNbY78UyVgmYp+/liPBqt2eioibIitk=,5418034,1970-01-01T00:00:00Z
STARNAME,StakeWithUs,starvaloper180s323zw79duje02tqwt0pzz7tmtf5t3k4vsp2,3B4F5C11663DC10A6D32403F945DED42AE1DD362,starvalcons18d84cytx8hqs5mfjgqlegh0dg2hpm5mzp7nphj,FLgi1mOR5bE1scUtUT2noqemVlw9vJhSqBNUHiyNsdQ=,10708992,1970-01-01T00:00:00Z
UMEE,AutoStake (Formerly BlockNgine) üõ°Ô∏è Slash Protected,umeevaloper1py60fpud4w468zn7mthfa25xnzuawjum7w90q2,C75E6807674833521DE757DCB23C2FCB0EF9CCE9,umeevalcons1ca0xspm8fqe4y8082lwty0p0ev80nn8fj4ncdr,QTkmEO4T58wBSTk6mFwEDgNaIWrkdONYASeBKrxtSuY=,41307595,1970-01-01T00:00:00Z
UMEE,Cypher Core,umeevaloper1pjmngrwcsatsuyy8m3qrunaun67sr9x74jd0em,441E34DCA827E58C93EECD53C5BC2F6CD3E4861E,umeevalcons1gs0rfh9gyljceylwe4fut0p0dnf7fps7ncwxme,wmKohvWVf4YIlQW2NrKRaY/2nrNzDBo9vJueXhZ/EBw=,28385214,1970-01-01T00:00:00Z
UMEE,SkyNet | Validators,umeevaloper18s567a3dxf09q7erpcp8q20dpauugxwx8xsrcc,11C9D5B47B0F5E7A96B8EBE87B127EB40A39CC22,umeevalcons1z8yatdrmpa08494ca058kyn7ks9rnnpznu67n6,BUcGExOEModOqo1MP6Bfny0VpbAseYlgjDWH5Uk+qJ8=,10236986,1970-01-01T00:00:00Z
UMEE,polkachu.com,umeevaloper1gp957czryfgyvxwn3tfnyy2f0t9g2p4phlh7lv,5E17B3460DA45498B766E3E5E9168775285BB9FC,umeevalcons1tctmx3sd532f3dmxu0j7j958w559hw0usy0qfr,932hCwKa/s6VvCo+XmUTsI+JNyXt+TyMLZx1s/q5aAk=,35671653,1970-01-01T00:00:00Z
UMEE,StakeLab,umeevaloper1gxgsq7jpkg0f8vfkk60c4rd30z4cgs6lyqtglf,55678EE8200A94A273B8BDAA32AA36E36057721B,umeevalcons124nca6pqp222yuachk4r923kuds9wusmsnd9z6,BGPYpxmiZ/Ll8SZ844J1MYZymmBDBshsiIIsoE9mNX0=,492008,1970-01-01T00:00:00Z
UMEE,Stakin,umeevaloper10nsytn9zmtfnhk37hqfe2h9v599ld3h5zs9fqj,19C549AB699778013DB534320883D236632E5B37,umeevalcons1r8z5n2mfjauqz0d4xseq3q7jxe3jukehrzaqtj,sSVzDqPMOMRmmknGqtJea3nRRyUGBOewHEcbJXizH40=,72285995,1970-01-01T00:00:00Z
UMEE,Citadel.one,umeevaloper148lf9ndu40fmy44ku74v65lqp8mwqej9nz0s54,9524D7D9C8CADD554FB8E5CC68985852A9650CA5,umeevalcons1j5jd0kwgetw42nacuhxx3xzc225k2r9983ja70,jocCRjb8r06MyMJh2P8dYbKdC8Nm2lXhroEd2m2tNgc=,41129788,1970-01-01T00:00:00Z
UMEE,Genesis Lab,umeevaloper1mkv4myppz2w0d3nr2dh9fv5kcwaaqnzfvnm6qf,CDF33DE43CF12FF9EEA79B25CFB3E41FFA607E23,umeevalcons1ehenmepu7yhlnm48nvjulvlyrlaxql3rp4t8jv,0VeYip8uYtDySz2niC49ZKuV6EVQx1B2nVZAWOdlJm4=,26243498,1970-01-01T00:00:00Z
UMEE,ushakov,umeevaloper1agzky2ak6xs5vve3c2wzjtqdq7fwadcgjwufc0,28F638C1D1D611AE9BC28A63CD648E91BF3E39D4,umeevalcons19rmr3sw36cg6ax7z3f3u6eywjxlnuww5u5k3hp,uI0i3SJ7/+ahIOI4qfTLiI5yF5xJwIKEazamOqrmBaM=,36604225,1970-01-01T00:00:00Z
KAVA,StakeLab,kavavaloper1gd5hf545caremavv28apr9mzf7f7ns395c27mq,208882AC55299E529A03F39C8F1B5CFD16596C9F,kavavalcons1yzyg9tz49x099xsr7wwg7x6ul5t9jmyldrnjvx,hcqADWp+sHJBiVbYxXf19MaplM1twW++iOkazUO8P3E=,163357,2022-06-05T09:12:03.791656299Z
KAVA,polkachu.com,kavavaloper125s8t5c6ypwee7ytun90lnhgpls2zl3vta43aj,974A239562D100506A23FE6A3E8B47BED30AD61B,kavavalcons1ja9z89tz6yq9q63rle4raz68hmfs44smu9tjry,NX+OMnBDGSjVkwgVrGV1pf7OBXR8GHYnu5L68kkhYII=,224058,1970-01-01T00:00:00Z
KAVA,Stakin,kavavaloper1dede4flaq24j2g9u8f83vkqrqxe6cwzrxt5zsu,6DEA0A253A59FA6526EC622B6B3B87AA8B5FE596,kavavalcons1dh4q5ff6t8ax2fhvvg4kkwu84294levk9yvu7u,gsw0riUg0Uujv8TkDg9wouSiAC4pD06ZhUQMT7dKxPI=,2071751,2020-12-19T06:55:25.706549517Z
KAVA,AutoStake (Formerly BlockNgine) üõ°Ô∏è Slash Protected,kavavaloper1hztgl202pvetspxch0pcchaqzrduw4qq64q08u,C4F7C3E4A5058CCF1EFF34C207CB287A7DE71182,kavavalcons1cnmu8e99qkxv78hlxnpq0jeg0f77wyvz4j79ca,PsqVSLnDmrvfvN7DIo/0TZBRTtp9QoESqtYKNo6pg6k=,209768,2020-08-18T08:50:41.380204711Z
KAVA,StakeWithUs,kavavaloper1c9ye54e3pzwm3e0zpdlel6pnavrj9qqvh0atdq,CEC7DBB2A51DFB8B98CCA86F749AD50DED845AE9,kavavalcons1emrahv49rhachxxv4phhfxk4phkcgkhflrz66g,weh6ReWEakAVWO/6QRKmxW/DjGaobDJvLmkoAkrGouQ=,1554173,1970-01-01T00:00:00Z
KAVA,Genesis Lab,kavavaloper1uvz0vus7ktxt47cermscwe3k9gs7h9ag05sh6g,E500CFDD070CED3172554EF55B93127A0E41D13D,kavavalcons1u5qvlhg8pnknzuj4fm64hycj0g8yr5fa8sw6nx,fowU/uUFmI6Y/Wfq7M6lFU8GQZVgfmsqQVBqAyrrxYU=,52717,2022-08-05T16:54:13.167543253Z
KAVA,Citadel.one,kavavaloper17u9s2fx5htqdsuk78hkfskw9s5g06tzqyl2m8j,904FC4A2431DBC85CB3444D8B3B069CF77242712,kavavalcons1jp8ufgjrrk7gtje5gnvt8vrfeamjgfcjwrgcju,m7xsuSo6kk0xho3LdF2cUtIJYBMUNM3Tut8896/mBzU=,523557,1970-01-01T00:00:00Z
SECRET,Citadel.one,secretvaloper1x76f2c2cuwa4e3lttjgqeqva0725ftmqvgvfnv,2E76AE6E453395F35D6C0728D44FB6147CE5B5A0,secretvalcons19em2umj9xw2lxhtvqu5dgnakz37wtddq9qyaul,fdzXH52SQvEkgykh5hYazKraLu07ppXBjPIyG2lz8Y0=,13782433,1970-01-01T00:00:00Z
SECRET,AutoStake (Formerly BlockNgine) üõ°Ô∏è Slash Protected,secretvaloper12y30xefd0wg53xtyv9lw7mjcdvf8nxgzzva3sr,C2A4856A7EC5E1AEE6712B5F84AD0ACDE44D1F8F,secretvalcons1c2jg26n7chs6aen39d0cftg2ehjy68u0gz3cy8,WexxXZt1GjvEcZOMNvmxRqmavrAX20JBMs+juS/3JkQ=,1684826,1970-01-01T00:00:00Z
SECRET,Stakewolle.com | Auto-compound,secretvaloper12ancx2qcgk04rrkexuhjq93etgktq4nn58z9yu,C410E318926699ADC67A6ECD1737D81115FE3CB0,secretvalcons1csgwxxyjv6v6m3n6dmx3wd7czy2lu09syuqsrf,wL3Uvi1Ori3mKhVyns/1PpRa/1VTxr0N4zkFyooLzJI=,1531492,1970-01-01T00:00:00Z
SECRET,Stakely.io,secretvaloper1vzkdmu0sa8gaj686jh5all7hpmmsp8x87vyz8z,10A163F613F952A848678462C6AD23798A80C565,secretvalcons1zzsk8asnl9f2sjr8s33vdtfr0x9gp3t9tg4ral,AMCL79oF8cN+7gf2zD/pywNsiCiwenRw7dY9YFcqoiM=,590957,1970-01-01T00:00:00Z
SECRET,SmartStake,secretvaloper1ddxa7g76yc23jfg93lj8kdzke7ak4t9vkaza42,CD95FE95B7296882E3B9FBF42B7F46961557F92E,secretvalcons1ek2la9dh995g9cael06zkl6xjc2407fwk283xs,o3+aaISKGr2O2NTD15J3/0/zNVPgOfuqxu1t/NmickE=,848957,1970-01-01T00:00:00Z
SECRET,Staked,secretvaloper1nsf2zmhe3ktn5fqtrpffnktc4g7uag05ggse54,D60D5EE59CF7B1F0D755FD1679661F42CC03CDDD,secretvalcons16cx4aevu77clp464l5t8jeslgtxq8nwajztt4d,pmk+WgRGOcYlc+J2Cklr63fjqXq+RByxkhlWtTYQocQ=,4164674,2021-04-25T20:10:26.815172239Z
SECRET,StakeLab,secretvaloper16w5hlcf389le2n60t32eqf43plp539ged9sruy,EEA713C5DA7B8F682242B47055B4DE7FFB431021,secretvalcons1a6n383w60w8ksgjzk3c9tdx70la5xyppg3es8v,66I3RGflhObNYQYCFgRmyfVLq8LZbO0dl2d+GTcjA10=,928883,1970-01-01T00:00:00Z
SECRET,SmartNodes,secretvaloper1arfql9hv2m8nq3ssyjd0z8t4r4vh5senz5sj00,8AC3EBAE53B81EFCC82D93DF1A7FC7BB237AFE3B,secretvalcons13tp7htjnhq00ejpdj0035l78hv3h4l3mhy33r6,M9fgvIl/E4vROE8Jm0iRkg/lx3eP0tmTbwPtT6Swm3Q=,101853,2022-04-02T14:11:11.663647071Z
