chain,rank,tokens,jailed_until,moniker,operator_address,hex_address
AKASH,83,253586778980,1970-01-01T00:00:00Z,StakeWithUs,akashvaloper1c9ye54e3pzwm3e0zpdlel6pnavrj9qqvp4sl2q,DA250934D695A5A2457708F417F688FF8D9CC326
AKASH,79,308466251669,1970-01-01T00:00:00Z,StakeLab,akashvaloper1dgxdep80th2qm8xxk8h3j3g93npsd3a8jg60gz,5E56A5D935A9529B8999E1291C64B0BA3F9FD663
AKASH,29,1062534477001,1970-01-01T00:00:00Z,polkachu.com,akashvaloper1gp957czryfgyvxwn3tfnyy2f0t9g2p4pz5w0ry,59835DCBB6CE79F1D12B86702E8690E5F5C514E5
AKASH,13,2798653658912,1970-01-01T00:00:00Z,Citadel.one,akashvaloper1a4zxtnu9k0zpl6p5hmduc5zz7xrm2dz8vm2ey8,0218A7A051C04FEC85B4F92BFB00A8C4DA1A9BD5
AKASH,94,108087497356,1970-01-01T00:00:00Z,Chorus One,akashvaloper16pj5gljqnqs0ajxakccfjhu05yczp987ptmjx9,FAD3DE3292C242997BF4000AF8FFD4551272EB62
AKASH,55,753266208947,1970-01-01T00:00:00Z,AutoStake üõ°Ô∏è Slash Protected,akashvaloper1strxz39h5fapp7zvn5mvf8xm0ea9aajqjstv6g,2D9790447341F3371AD11B4B706332313CCE33C3
AKASH,67,471749628961,1970-01-01T00:00:00Z,Stakin,akashvaloper12fnzqmnja37mf2y9m6r3dleq5n3jkz7pfkpzmy,57F61959FF8A08562BB0ABA4921C5EF1B307DC63
chain,rank,tokens,jailed_until,moniker,operator_address,hex_address
ASSETMANTLE,11,8019937634732,1970-01-01T00:00:00Z,Citadel.one,mantlevaloper1y4ycv888ja5ya8qtw8mqe2l0fvt9amlfj9068h,02039198B6BD3B77CD478AFB558F0FF5A3B3F39D
ASSETMANTLE,61,396905392441,1970-01-01T00:00:00Z,polkachu.com,mantlevaloper1gp957czryfgyvxwn3tfnyy2f0t9g2p4pmkjlwt,63B1E9B9E3354CC297F2DC6A378D243689528707
ASSETMANTLE,7,8697115219133,1970-01-01T00:00:00Z,StakeLab,mantlevaloper1uy0q4859hw5f90peraexmdanyrt8tazz7vheg9,725CD7BD92A6E2817225D6CD16BF29AD50C541A7
chain,rank,tokens,jailed_until,moniker,operator_address,hex_address
AXELAR,28,7908798097576,1970-01-01T00:00:00Z,Citadel.one,axelarvaloper17q4fqv86dxkes384tnmrvjr9ljp2slunr6k00w,7EC661F40BEFD355FEF828AF6462E574F4759D0B
AXELAR,56,4793434443,1970-01-01T00:00:00Z,BlockHunters üéØ,axelarvaloper1f9laxzwy8u73jlutkg6qrj7yzkkwcjhvw6cf2v,3BA11DF542DEB37269F6604917FE91D35078E974
AXELAR,15,11015948329047,1970-01-01T00:00:00Z,Chorus One,axelarvaloper16pj5gljqnqs0ajxakccfjhu05yczp987zac7km,0B7EA0F411F506695D41F188343B3FB5F4CF789C
AXELAR,25,8828783893193,1970-01-01T00:00:00Z,Stakin,axelarvaloper1uf7s2v44qqpe9lpnsjy6cfjueqytakuzayfg0h,3F9F551064F148AF6615C892C8E9E76262A9ED61
AXELAR,44,2033753037145,1970-01-01T00:00:00Z,polkachu.com,axelarvaloper1gp957czryfgyvxwn3tfnyy2f0t9g2p4ppzdrn6,8C5872749B2182B1832D3EAE57EDFAC01104B240
AXELAR,49,243532507785,1970-01-01T00:00:00Z,StakeLab,axelarvaloper19dx6vywgr62jtsxhhlhlgh7ug5vmgjnz6dkeud,4338C4CDE85BFCF4F04E2ECBCBF7007DD93185FA
chain,rank,tokens,jailed_until,moniker,operator_address,hex_address
chain,rank,tokens,jailed_until,moniker,operator_address,hex_address
BITCANNA,69,65049899362,1970-01-01T00:00:00Z,Oldcat,bcnavaloper1s43h79qx6j85whr2p6060wvxjuyq9yqdak39dj,C842EF3F1B01217D5F842C32BD65C04F5C8A2F29
BITCANNA,61,117619449179,1970-01-01T00:00:00Z,StakeLabz,bcnavaloper1hd3d5hf8qujw5pgwtytdyhdux2tc64mm8wc0rz,4425125B013BC59372E1EA2B4489CD2113BF9CC2
BITCANNA,7,4004942341744,2022-05-09T17:53:50.264886643Z,StakeLab,bcnavaloper1r7up4azsnmprakycclqrh60phvq6zptq8lx8qk,CFEB6E0F6E740CA53A5175954CECEFD33328326F
BITCANNA,8,3706094533031,1970-01-01T00:00:00Z,Stakely.io,bcnavaloper1gsq4dsxvgsswkgrsftz0k905rzjc0n2hv26xgj,46D296F905F6620AE0A20184F2E0204E8A0B2F78
BITCANNA,17,1813573454750,1970-01-01T00:00:00Z,polkachu.com,bcnavaloper1gp957czryfgyvxwn3tfnyy2f0t9g2p4pxqv0cj,05D973AF34987D2B100B4429BE7603D50B2E4B5B
chain,rank,tokens,jailed_until,moniker,operator_address,hex_address
BITSONG,12,1189771458343,1970-01-01T00:00:00Z,Citadel.one,bitsongvaloper1knmj6ve4p4e2rl3wpj0rk9dswacr2swn75sc7a,7AB64AFB59D30B6F3ED0F7FD4D0FFEDFC4824E4B
BITSONG,72,122884274589,1970-01-01T00:00:00Z,Oldcat,bitsongvaloper1pqlxe507avzg2hq8ylcju037ywyh3myfsv9wln,86BEFCD21A14A6B72BA0C84D9F5AE01088889B59
BITSONG,6,2078298983188,2021-05-22T02:10:51.143243252Z,StakeLab,bitsongvaloper18wf0w252jxk3kgl5vlst8ttat8xzfnvejuftk2,81DF8A363460F9E165B8649FD78C66A7FB41689A
chain,rank,tokens,jailed_until,moniker,operator_address,hex_address
CERBERUS,11,1182950713627971,1970-01-01T00:00:00Z,StakeLab,cerberusvaloper16cfkt9n0pcftg0ky3rk9aegqdp383uwge38rdl,A3B8563433251C288BDB84DC81EC0DA8E95CFCB1
CERBERUS,15,1018530175835588,1970-01-01T00:00:00Z,polkachu.com,cerberusvaloper1gp957czryfgyvxwn3tfnyy2f0t9g2p4pvm8q9p,3EBC56B5EC8223B47FB51024BAE511DBF3C81B2A
CERBERUS,130,1077005397000,2022-05-13T23:28:55.550226635Z,BlockHunters üéØ,cerberusvaloper1vv4ngkwl5ymzxqcm8swtlk6edkgzzt9k4pvty5,0B49473AFC5C782648032B150C92C819CD82421A
CERBERUS,13,1114357934208093,1970-01-01T00:00:00Z,Citadel.one,cerberusvaloper16rzknyz8xwcvt5eaw7g0kh0fv2rsa4naeqmugz,09453B93077413DC0BAEC6F0E6873E086750C6C3
chain,rank,tokens,jailed_until,moniker,operator_address,hex_address
CHIHUAHUA,7,1541693297248412,1970-01-01T00:00:00Z,polkachu.com,chihuahuavaloper1gp957czryfgyvxwn3tfnyy2f0t9g2p4p40qac2,4009593108CEC2222D4113D2BA812D6D66C7F9A6
CHIHUAHUA,170,5857200000,1970-01-01T00:00:00Z,Oldcat,chihuahuavaloper1jgf82ekcw0w7kvtv6mnjfyy9hlq6d2grdyu7x0,96A83FC20D4BF69F36660B4D7B7D27433257F326
CHIHUAHUA,115,48533740730694,1970-01-01T00:00:00Z,BlockHunters üéØ,chihuahuavaloper1symf474wnypes2d3mecllqk6l26rwz8muyetza,B836D5C20942355A29401E39804A43C799C6B23F
CHIHUAHUA,5,1595807908044772,1970-01-01T00:00:00Z,Citadel.one,chihuahuavaloper1rgtfvfwx6kpf2vppur8l5g4y2c4acj74xzw6af,DE5DF6A3D73880AAF252107CAA6BBDCA5D1551EC
CHIHUAHUA,6,1581466578455105,1970-01-01T00:00:00Z,StakeLab,chihuahuavaloper13c2hcctczy695gfs5gc637tc844n6a9unlkaqv,30EB933CF1FEAD4C67A4EB342088E0BAE1ABC9BC
chain,rank,tokens,jailed_until,moniker,operator_address,hex_address
COMDEX,22,1629574606598,1970-01-01T00:00:00Z,StakeLab,comdexvaloper1gfe4f7urf866xte5cpmkgsw7q2u97qj06ldtj3,703A7D24EB94C2E4961C2A56DCA57349C97164BE
COMDEX,21,1634169818856,1970-01-01T00:00:00Z,AutoStake üõ°Ô∏è Slash Protected,comdexvaloper195re7mhwh9urewm3rvaj9r7vm6j63c4sd78njd,959E058EE0BBE0B3F51A9E0838203F4AA166373E
COMDEX,38,1347132604769,1970-01-01T00:00:00Z,polkachu.com,comdexvaloper1gp957czryfgyvxwn3tfnyy2f0t9g2p4p3447dz,D52ED6D9882E46F03DDADBEB7D11477DF6B13937
COMDEX,16,1802031638458,1970-01-01T00:00:00Z,Citadel.one,comdexvaloper1glgnuuckrkcvl90uk0ute8h0y4gdp5u8s0ahnt,30D9E76ABAA89049F4D0A985BC2693937CAEBCC1
COMDEX,15,1841947949931,1970-01-01T00:00:00Z,Klub Staking,comdexvaloper12lmnmx83p5lcndvl0zrks3fqk3wspqm0hjtzzz,A81146BE340A55E8DE0B603F44BA68B710342498
COMDEX,8,2712554718074,1970-01-01T00:00:00Z,StakeWithUs,comdexvaloper1vj0ntz8qk9pxk7xt3n0ukdkt86j3epnva2ag7p,06F5399123CE6B8984B79457813A3C6C05F48BD2
COMDEX,52,683762229745,1970-01-01T00:00:00Z,Stakin,comdexvaloper1g6zz4d7j6fvxy24nsqkjrcxqrt7hwp6p6hws7c,A83DFCF82FC8D623CE1D3FB638FBC046A8417535
chain,rank,tokens,jailed_until,moniker,operator_address,hex_address
COSMOS HUB,95,220583516493,1970-01-01T00:00:00Z,Stakin,cosmosvaloper1fhr7e04ct0zslmkzqt9smakg3sxrdve6ulclj2,52E1646134432BF9532B4881C6ED32E40AE5A2DD
chain,rank,tokens,jailed_until,moniker,operator_address,hex_address
CRESCENT,46,8235379525,1970-01-01T00:00:00Z,Oldcat,crevaloper1djsyrsd0csgy2qz8a4xwxmy57xl06u0gn4r42f,20C8B0550A3A0A5ED6AC66688AC3DBEF0162E407
CRESCENT,14,132819591329,1970-01-01T00:00:00Z,StakeLab,crevaloper19mt7qa5pralxre8j9v0wae2kvncv8qcghv0chf,E0FDE0660C62ABB3F05F30D28113EBD0E85C88C3
CRESCENT,55,1373001000,1970-01-01T00:00:00Z,Genesis Lab,crevaloper17zw2jx6jjfah60pycklvqfnm3qaxd7kqzafglc,548D0B5BC7E22480817C6A4F6826B4E8272647AC
CRESCENT,18,68029360340,1970-01-01T00:00:00Z,Klub Staking,crevaloper1ye8mvp8z4zskj98vfr95sawg7wtpsp027np6df,164A528AB1F9FCB1D5BF051A31027009233CB354
CRESCENT,27,27819591509,1970-01-01T00:00:00Z,BlockHunters üéØ,crevaloper1symf474wnypes2d3mecllqk6l26rwz8m268jgy,76B87A4A2311FC5E18A4F0C1222481A66C68BA51
CRESCENT,43,10387199529,1970-01-01T00:00:00Z,Stakin,crevaloper126nxgyruw03fyr3rmxg76squcy08pjtm9zkl5d,96DDF22BC6DCC7CB3A53CFC84F93A9200D2277A4
CRESCENT,38,14311273101,1970-01-01T00:00:00Z,Bro_n_Bro,crevaloper1c96vvme4k42zlvkc56fslmdpa2qj6u80xvqwau,F9C46C746C0988A4C8ADEE8193CE09B92108CBE4
CRESCENT,48,7679691823,1970-01-01T00:00:00Z,JustLuck,crevaloper18n53tdxmvwkwsejsm8hddeqxs8sgcd4nza66lt,AA6E9F4B2B5C2D36C5A8DDF1D377F150A0DD4779
CRESCENT,30,20707701769,1970-01-01T00:00:00Z,Stakely.io,crevaloper1wr0l9tnw3rsmk9tyqr707tta40f7qh2m7ueyq8,C2EF15A336F77A203B99CE2EE088E4D9FBBFC20E
CRESCENT,24,37698886571,1970-01-01T00:00:00Z,AutoStake üõ°Ô∏è Slash Protected,crevaloper1gkf73mx4zv3ggrf4kuc3v8jm5yv4s0jtrqzkvd,812F75758B0D8819AFBFCDF0B1820F1B9C9A037D
CRESCENT,17,78125782865,1970-01-01T00:00:00Z,polkachu.com,crevaloper1gp957czryfgyvxwn3tfnyy2f0t9g2p4pr37yjn,A38343D6430B53CD2971D2F34FEA90F2568A32CC
CRESCENT,19,64509182961,1970-01-01T00:00:00Z,Citadel.one,crevaloper1fdvy6rl6yz44hagtmah25g4vvxd76gh5t8mu8e,5E98F59B6B3C756E59F35907A55ACB2720401158
chain,rank,tokens,jailed_until,moniker,operator_address,hex_address
CRYPTO.ORG,113,11054599907609,9999-12-31T23:59:59Z,StakeWithMeisSORRY - 0%,crocncl1wfnh55nu7xz7lnt6670ad4ff8a7jucg0xch735,3CFC935DC6B4596289FE215E9A9B81C4520B7FE8
chain,rank,tokens,jailed_until,moniker,operator_address,hex_address
chain,rank,tokens,jailed_until,moniker,operator_address,hex_address
DESMOS,31,1105449864824,1970-01-01T00:00:00Z,Stakin,desmosvaloper1567u3n4q6j0zm5mkgtqu9t7eq4g5pr5se74mr9,F8E47AC7C03F602EF5E6D5CDD57B70D57A13CE3C
DESMOS,10,2237944251779,1970-01-01T00:00:00Z,StakeLab,desmosvaloper1lzzctd3a839xxk7vf4cwuhcvgcnmxrhrx7d92e,90CF5A18F870B6E16301B5E42EEDD489F26DF135
DESMOS,50,663683495934,1970-01-01T00:00:00Z,Oldcat,desmosvaloper1d6xe3ldswgaurszrp3emspvhspvu7hxm4ty8mv,231A63C20E3CAB4536845DEC97FA7BDC781DC24D
DESMOS,25,1344248911814,1970-01-01T00:00:00Z,Stakely.io,desmosvaloper1s5gnmccngltteh6ugtsz7fdrykc294tnw2e7pz,9D28DAA4A8A15BA6F3A99BC10465C901BC0617E3
DESMOS,27,1171916370769,1970-01-01T00:00:00Z,Bro_n_Bro,desmosvaloper1sykf8q94l8q8mqstf64ptuvp74ueyehxpgcq76,F5CC040F4BF0FE47CDAFE4AC10BED2971E1D3C48
chain,rank,tokens,jailed_until,moniker,operator_address,hex_address
EMONEY,35,490246428321,2021-09-15T04:41:49.902002895Z,Stakin,emoneyvaloper1tw0qj9nuqx8nhn9d0zup64navtc0c4hds9sjwx,00D05092E7372CA2CC317E3F3AC449BD13994917
EMONEY,14,794706067662,1970-01-01T00:00:00Z,Citadel.one,emoneyvaloper19aas63km0rq96dtuuvjkn76nyyj67qre477gt3,0204D1FC9DFCE756B2B995CE6AA25D9DCE069063
EMONEY,52,332668038699,2021-09-20T14:40:23.048315705Z,BlockHunters,emoneyvaloper1ss7vkqzfal7h4m8ug8lh8peqqyt7vq3ssadctg,546B5AE051CFD509BE77E579B276E3E9D64BADF6
EMONEY,21,635777721988,1970-01-01T00:00:00Z,StakeLab,emoneyvaloper1fskgtauswg2d0p79d9gdqj2yjyfulg3d65dtue,59E632F617F71507561AE1095FB19653E7503128
EMONEY,70,266229411292,1970-01-01T00:00:00Z,StakeLabz,emoneyvaloper1u7t7amu8thf33f7cq0xmunxvgpnnd9qlsu5nra,20CCE049D8A0603733FBF642F03A22DC67726A1F
EMONEY,6,1263428522354,1970-01-01T00:00:00Z,Bro_n_Bro,emoneyvaloper149vyxd36kxpg46rralaw6eejv4d9daqc3nv642,72DD91F0F6491F2AD645904FA6B2D4C59DE08799
EMONEY,53,327561377513,1970-01-01T00:00:00Z,AutoStake üõ°Ô∏è Slash Protected,emoneyvaloper1z0cwp2wezmaehlhzdmqpx55vhxupuk52d7ucjy,B3CA47EB7725DC2DF75BC54530718709559BE4E2
chain,rank,tokens,jailed_until,moniker,operator_address,hex_address
EVMOS,91,242230348566739513054870,1970-01-01T00:00:00Z,BlockHunters üéØ,evmosvaloper15n2ms99yx2lycwk0msmtlj9yxhtlmqeymtg4c3,59AD2C2DDDF4C395148CEF15C15E14166034A589
EVMOS,67,350463790029591403334729,1970-01-01T00:00:00Z,Klub Staking,evmosvaloper1rvsmc4k7ay8hc6nlz50lw8hskygvdptmwr3rdl,62C599C2F224C27260CB7C20B479F0E77016C4DE
EVMOS,29,940052852042739269633926,1970-01-01T00:00:00Z,Stakely.io,evmosvaloper19fxanpnjlggzuur3m3x0puk5ez7j9lrttexwsw,87EEF8BD85692D68C1632A4AEFCF642E62B4D741
EVMOS,12,1918038549589124548952431,1970-01-01T00:00:00Z,polkachu.com,evmosvaloper125fkz3mq6qxxpkmphdl3ep92t0d3y969xmt8hz,B6C3DB906FAEF2C8758D1881386E615E8432A91C
EVMOS,7,2840312262848653937182115,1970-01-01T00:00:00Z,Citadel.one,evmosvaloper1p5k54qk9jdamvw4r756g7dxsjarf6p0l3huk84,F2F7F5FC0E505FED0DB3306A669DA888E669959C
EVMOS,174,1352062200997536924128,1970-01-01T00:00:00Z,Legion Nodes,evmosvaloper1uc2v23g8cha0m6kd2ghwn766fyccf0nmfw3prt,E5AEFA99F4AD8049B6A97F9B9E416894BCF1CADB
EVMOS,75,322663201878582272817185,2022-05-23T02:02:58.473667020Z,StakeLab,evmosvaloper1f6m9d94lkenw9fy5wmytatt76l849kx6ugdz70,43B7ABBD8A7DDC5C248E14E19EB8CE0C33FAE04A
EVMOS,34,866233281481353034601863,1970-01-01T00:00:00Z,Bro_n_Bro,evmosvaloper1ce4vh0e5kanlgc7z0rhcemvd8erjnfzcyfecl7,6C563B1CEEC386D9A33547B5ADEA62074A3AE442
EVMOS,83,290315525122846661190554,1970-01-01T00:00:00Z,StakeWithUs,evmosvaloper1jxruqmfurgxrem4phvaqxkvprxa6fr0ncg3t88,EC470FD9C84B401A4F152BFB4F19734013CD1A26
EVMOS,76,321926711285415443316586,1970-01-01T00:00:00Z,Chorus One,evmosvaloper14yeq3lkajldaggj28hmq8xng9xux7x5g86tx29,F0FBF276F32238345FA3959F5F031B2E7869E073
EVMOS,36,843392356606712853291690,1970-01-01T00:00:00Z,Stakin,evmosvaloper1sq9ggymzx02vcp7kf6yyar83scfm4r22swu673,5000FB04E89458D6E885228B3140EAE82EA44BAC
EVMOS,71,330781092506324574582902,1970-01-01T00:00:00Z,AutoStake üõ°Ô∏è Slash Protected,evmosvaloper1shvcjzhcxau6qtlz9w82a646ecwp4hq7ayqt0w,9B7E37F58B238B506032605B8A8B3D5932021117
chain,rank,tokens,jailed_until,moniker,operator_address,hex_address
FETCH.AI,33,1768641836664660565070970,1970-01-01T00:00:00Z,StakeLab,fetchvaloper1mr8tqsr3cjp4vh30j8h32uluh5nhnjnh8lkef0,FA2EDF8CFD6791E6A2E886A195095C7FEB7EF9A0
FETCH.AI,19,3967783760665255175155680,1970-01-01T00:00:00Z,Citadel.one,fetchvaloper169hpfaau6ey8avzr6dk30f2y6j3gv8x5ds9657,9EBC7EF8F41053282A441020534008BA87A30CBF
FETCH.AI,46,474995636307533754881343,1970-01-01T00:00:00Z,polkachu.com,fetchvaloper1gp957czryfgyvxwn3tfnyy2f0t9g2p4pn5mfmy,16AAED34868E0A5FAF47744FE0041C885E08D30E
chain,rank,tokens,jailed_until,moniker,operator_address,hex_address
GRAVITY BRIDGE,41,7111017592718,2022-09-07T03:16:01.748757321Z,StakeLab,gravityvaloper1d63hvdgwy64sfex2kyujd0xyfhmu7r7cgxt5ru,7F40C07D8DAFDD91FBFD2BD671A5D15ABD2F3258
GRAVITY BRIDGE,132,265847521380,1970-01-01T00:00:00Z,BlockHunters üéØ,gravityvaloper1symf474wnypes2d3mecllqk6l26rwz8meal7ll,1DC214B089EE1CE316DED69074AD6C191A137F9C
GRAVITY BRIDGE,46,5161521556202,1970-01-01T00:00:00Z,Bro_n_Bro,gravityvaloper1vyd4k5j636erx5y5kdqghdu3rfjtwc48vdc7r6,1AA30CA27AC3B8A32CA5B410075E93D588ED5172
GRAVITY BRIDGE,13,23659696163144,1970-01-01T00:00:00Z,Stakin,gravityvaloper1haznywsf8l60xftvkgl79dstyuw3vw5x0v7kgn,39A518964A9130BA4832C06397E26F0B2C529001
GRAVITY BRIDGE,67,1974663965700,1970-01-01T00:00:00Z,StakeWithUs,gravityvaloper1lc9etukld9c2yhs3y03037ezffyudl0fdd9gny,D1173DB0442EB3B5C131AF265B80ECAC5C27F49C
GRAVITY BRIDGE,43,5516025864621,1970-01-01T00:00:00Z,polkachu.com,gravityvaloper1gp957czryfgyvxwn3tfnyy2f0t9g2p4pskxg9g,F428DA746A8F14B5C25D523F943F64504713D27D
GRAVITY BRIDGE,18,18747320245550,1970-01-01T00:00:00Z,Citadel.one,gravityvaloper1nyj09trs40txcmemjsqy2l8f0lkga93esgtw02,E16F5800D5108F9B360D03450E59CFF80D5F83C0
GRAVITY BRIDGE,108,572389958553,2022-11-14T21:05:41.805586559Z,Oldcat,gravityvaloper122mak6mduuzyww573jlpgv57qhk96aqgu7sd8g,BDF668E871841C8BD41FFEE1A0F33F021B35F141
chain,rank,tokens,jailed_until,moniker,operator_address,hex_address
INJECTIVE,16,412325474329477091658324,1970-01-01T00:00:00Z,StakeLab,injvaloper1r3lgsyq49zvl36cnevjx3q6u2ep897rws9hauk,0C3BA2F85C910146CA1371618BF158C66B542134
INJECTIVE,15,459951756864122326123128,1970-01-01T00:00:00Z,Chorus One,injvaloper14yeq3lkajldaggj28hmq8xng9xux7x5g46hezv,FEAA42B0C3582CF9EBE4BD52082B90636C8BF3A5
INJECTIVE,8,1186399034576706992522498,2021-12-25T10:00:52.275793929Z,polkachu.com,injvaloper125fkz3mq6qxxpkmphdl3ep92t0d3y9695mhclt,33ED396C904DD8E9A1C2A43FB37C14F5DFDB6E8A
INJECTIVE,11,666724652482604373279681,1970-01-01T00:00:00Z,StakeWithUs,injvaloper1v2xylfeyry808ltt0hwxggzt0fns6uwh74mku3,94254934252CC8F55DF8FBCAD8431EAA8AEF665D
INJECTIVE,34,111083223888404809445644,1970-01-01T00:00:00Z,Stakely.io,injvaloper1mwerm24kce7dcl59t6n0caw7c8zxgkrjj9svwj,D1CE87BBE89B737495416E8C44B9F58D2372D5D1
INJECTIVE,6,1890860577867695559237022,1970-01-01T00:00:00Z,AutoStake  üõ°Ô∏è Slash Protected,injvaloper1acgud5qpn3frwzjrayqcdsdr9vkl3p6hrz34ts,F39BF9316C07E4F27EE31951F720783C58D09C11
INJECTIVE,40,20205021000000000000000,1970-01-01T00:00:00Z,Matrixed.Link,injvaloper1cwzl3q4h5v8yvzlp64h7fwnduzut3f4nst2gdp,BE05CA28E8C6B283529F607490C0B69BAE212B85
INJECTIVE,5,2285265263528327938283261,1970-01-01T00:00:00Z,Citadel.one,injvaloper1hsxaln75wjs033t3spd8a0gawl4jvxawn6v849,DD2C988B278E526870DD97D7BA75EEAA2FEBD55D
chain,rank,tokens,jailed_until,moniker,operator_address,hex_address
chain,rank,tokens,jailed_until,moniker,operator_address,hex_address
JUNO,52,214692689528,2022-11-01T11:27:33.795950245Z,StakeLab,junovaloper1la7th9kc3gdltl53cedxxqpkyk5runudrzwx55,FEE0233B3771EAEB26617E367138A0A6EFAA79B1
JUNO,26,429980107838,1970-01-01T00:00:00Z,Chorus One,junovaloper15urq2dtp9qce4fyc85m6upwm9xul304945tllg,65974BBB920B9393C197F195FB7B214739DBEC70
JUNO,50,215688188662,1970-01-01T00:00:00Z,Stakely.io,junovaloper1hx9yj7qgnp8zhkrqfanvz74mcsg9d8eyskvsxg,C0CA289D913689AC0A9450375E4208F473FD5A2D
JUNO,88,106424509901,1970-01-01T00:00:00Z,StakeWithUs,junovaloper1c9ye54e3pzwm3e0zpdlel6pnavrj9qqv0rx2l4,71BDF6B1FBF997AD1875B74F4796CD3D6A5F6D69
JUNO,36,339842587900,1970-01-01T00:00:00Z,polkachu.com,junovaloper1gp957czryfgyvxwn3tfnyy2f0t9g2p4pvzc6k3,011CA32A120D5F8007BE9D2AA60C1C7AE8F02634
JUNO,59,178325085358,1970-01-01T00:00:00Z,Stakin,junovaloper1xdywquvz5g6r5wv6tpkj6chad0fkk459gf9ny6,3B7925E257959679621E750F69FE97277B8DD9FC
JUNO,7,1104215476739,1970-01-01T00:00:00Z,Citadel.one,junovaloper1lzhlnpahvznwfv4jmay2tgaha5kmz5qx4cuznf,A50CF609192A6CF1C6835D56274D18B30459425E
JUNO,21,515528921771,1970-01-01T00:00:00Z,Klub Staking,junovaloper1wszlc0l5tfh37mq24009pzf24mavlkx4p97jjz,213643E026A49E93FAB4E53D54C18A77F9B651B1
JUNO,31,365049779579,1970-01-01T00:00:00Z,Bro_n_Bro,junovaloper1quqxfrxkycr0uzt4yk0d57tcq3zk7srm7sm6r8,71D07A7BA468ABC50B234F93200F4D91B4AA784A
JUNO,70,130701410108,1970-01-01T00:00:00Z,BlockHunters üéØ,junovaloper1ss7vkqzfal7h4m8ug8lh8peqqyt7vq3s33yv7a,61005496A6BA51A66653DACA655BE31197313975
JUNO,98,94615833071,1970-01-01T00:00:00Z,Oldcat,junovaloper1gwd9l44t22e3nteu68akfgykuxu6lq6m6u786d,D2C08B4DB6CC564701FA562DA96E54F04BE5857C
chain,rank,tokens,jailed_until,moniker,operator_address,hex_address
KAVA,48,175897909111,2022-06-05T09:12:03.791656299Z,StakeLab,kavavaloper1gd5hf545caremavv28apr9mzf7f7ns395c27mq,208882AC55299E529A03F39C8F1B5CFD16596C9F
KAVA,58,56232842962,2022-08-05T16:54:13.167543253Z,Genesis Lab,kavavaloper1uvz0vus7ktxt47cermscwe3k9gs7h9ag05sh6g,E500CFDD070CED3172554EF55B93127A0E41D13D
KAVA,25,737598945933,1970-01-01T00:00:00Z,polkachu.com,kavavaloper125s8t5c6ypwee7ytun90lnhgpls2zl3vta43aj,974A239562D100506A23FE6A3E8B47BED30AD61B
KAVA,46,203250335043,2020-08-18T08:50:41.380204711Z,AutoStake üõ°Ô∏è Slash Protected,kavavaloper1hztgl202pvetspxch0pcchaqzrduw4qq64q08u,C4F7C3E4A5058CCF1EFF34C207CB287A7DE71182
KAVA,6,3428218750772,2021-05-17T20:16:05.871843414Z,Chorus One,kavavaloper15urq2dtp9qce4fyc85m6upwm9xul3049dcs7da,9552EC40A8D27F2EF1252985A89BE63BFAB24550
KAVA,28,567773324313,1970-01-01T00:00:00Z,Citadel.one,kavavaloper17u9s2fx5htqdsuk78hkfskw9s5g06tzqyl2m8j,904FC4A2431DBC85CB3444D8B3B069CF77242712
KAVA,17,1552183573211,1970-01-01T00:00:00Z,StakeWithUs,kavavaloper1c9ye54e3pzwm3e0zpdlel6pnavrj9qqvh0atdq,CEC7DBB2A51DFB8B98CCA86F749AD50DED845AE9
KAVA,8,2522738395653,2020-12-19T06:55:25.706549517Z,Stakin,kavavaloper1dede4flaq24j2g9u8f83vkqrqxe6cwzrxt5zsu,6DEA0A253A59FA6526EC622B6B3B87AA8B5FE596
chain,rank,tokens,jailed_until,moniker,operator_address,hex_address
KI CHAIN,11,12010236220977,1970-01-01T00:00:00Z,Citadel.one,kivaloper1umjuwrcn0vdx6w7nxaemv9s6ds0w860k5nrfyr,14235AC305C67DA216E9F5404D1DF5D89BA2DC8D
KI CHAIN,31,2979905406795,2022-04-13T06:59:13.269808812Z,polkachu.com | 5% fee,kivaloper1gp957czryfgyvxwn3tfnyy2f0t9g2p4pq8jud7,904B4C45C46798A52D0A0B7621F4B0707A0DF109
KI CHAIN,12,11893787573554,2022-06-27T18:06:24.849631410Z,StakeLab,kivaloper14g4ztk36q529vx8ash7y8hr047kgzxlvyh2ch5,22770E48EF1F4A2DDB16F1FAD67F357E97728A33
KI CHAIN,1,103182542364499,1970-01-01T00:00:00Z,Klub Staking,kivaloper1wx78v65ppxvgnefhfryc8ksja2hqzksmmh53au,FBFC69F75FF8F41F396637B68F4DD8348905300B
KI CHAIN,96,10204419356,2022-09-15T12:50:57.695596170Z,Oldcat,kivaloper14932eu6d398f0ycqj6xtmy9xhaewzegkhz2eap,B19811C14545ACBDE1E3C8E547FB85C2F25DEAA7
chain,rank,tokens,jailed_until,moniker,operator_address,hex_address
KONSTELLATION,10,16587690971446,1970-01-01T00:00:00Z,Citadel.one,darcvaloper1yu5nqdp8pdtz9q9n6h2wt6h5vsk9qhhsq92xn3,6E1C3994C0683257F06A5C85404A579E2DD56700
KONSTELLATION,16,1514460822136,2022-07-27T06:37:17.487664395Z,AutoStake üõ°Ô∏è Slash Protected,darcvaloper14kuh954mw4xp7gz5kvr3vtul0lpz5xt3tecpep,C397C8DE55FEDFF149E955EBA1548B416372C0D1
KONSTELLATION,69,1131420528613,2022-11-14T01:57:52.358489966Z,StakeLab,darcvaloper1pk8e47hdlw9mtnphz3klhkeed8wlq8gwjw7m0w,504D1C54CD2BBAE30227CBAFDF1D44C1643120BF
KONSTELLATION,38,425139142477,1970-01-01T00:00:00Z,Oldcat,darcvaloper14pt370vn5pcjupuveqenggd5exejq58mgas9xn,9B079A21E3B24DE3D72A2BCDDC8E7BCD92FEAB5A
KONSTELLATION,4,42943743570857,2022-01-30T20:07:36.301635946Z,polkachu.com,darcvaloper1jt9w26mpxxjsk63mvd4m2ynj0af09csldy6sgw,5F02787E9DC9AF08D682DBB502C1E1BAA1777C92
chain,rank,tokens,jailed_until,moniker,operator_address,hex_address
LUM,25,14915400727395,1970-01-01T00:00:00Z,Citadel.one,lumvaloper1vujcasxr8nh77yv20dw4lgdkkrkk7krvss8xhh,725FDB378293954A5585D1889AF44BDC88E6BE7D
LUM,17,57252715695099,1970-01-01T00:00:00Z,Stakely.io,lumvaloper1zs59ua4l0h6a2hnh08v8qn76f6qh7uxc22vey5,8CA2E017954C7B3B8770082837C00E5AC9261835
LUM,12,83880198641662,1970-01-01T00:00:00Z,StakeWithUs,lumvaloper1c9ye54e3pzwm3e0zpdlel6pnavrj9qqvv38ydq,E29AA3D5FF0994B607D6849AC9DA9298583ABFE0
LUM,69,245525694725,2022-03-11T13:46:35.981430061Z,BlockHunters üéØ,lumvaloper1ss7vkqzfal7h4m8ug8lh8peqqyt7vq3sjr9zvg,BAE748E4909448BF5B8E6D517BBFACDACD8DDB31
LUM,35,5318224331271,1970-01-01T00:00:00Z,Oldcat,lumvaloper1v73py5myadey4cal2wh4nlk99h59jh52muuv55,F29171F12661FE8924698E00A2594BABA05E578C
LUM,2,215878408698599,1970-01-01T00:00:00Z,StakeLab,lumvaloper1axqn30kead92gdsg7pusc6ezxx8ltq465r3hv3,32A06E6C5B0E6DE6637EED87D586391A1869A6B0
LUM,1,268516552568943,1970-01-01T00:00:00Z,Klub Staking,lumvaloper1yhaswwgg5tz7veknxwaj8vc8rfa9s0nagpmn2t,4F18ED31F8C88ECFFD6CF6E72F56D6C28683B9E7
chain,rank,tokens,jailed_until,moniker,operator_address,hex_address
MEDIBLOC,10,62862720365264,2022-02-15T00:31:22.124639256Z,Oldcat,panaceavaloper1tk63f4uuvne57eay6dlndt6v8skpuvncjpgpau,003B29D0365F2FB4047593410E61BF51E1D03DDD
MEDIBLOC,40,526198318091,2022-10-24T23:21:24.463130528Z,StakeLab,panaceavaloper1tfu4t4c0pywlh8d2g2u3d5xnsxdec8x5hacum5,3463DBC1A681C049F94B40DD0B3F01DA0E4E6C67
chain,rank,tokens,jailed_until,moniker,operator_address,hex_address
OMNIFLIX,17,12001534,1970-01-01T00:00:00Z,Stakely.io,omniflixvaloper1u0ch8y4ts6qxaqgw5h05mvtca0zq9rtfdwpytm,2A7CD3E4433CABF41837A812AB2307A84DA4A243
OMNIFLIX,31,10012500,1970-01-01T00:00:00Z,StakeLab,omniflixvaloper1pzkx9p2upmrrscwxvwgrmvmfrgcnfskxfzm3z0,5560DC18DC6C3797EF8A575BB01A2B058C8E0984
OMNIFLIX,55,10000000,1970-01-01T00:00:00Z,Bro_n_Bro,omniflixvaloper1e8grpphncncw9hrutyvnlv77n5dejwcne58zk4,D57D36210C86BADC549BDEC48610D1A9A43027F1
OMNIFLIX,33,10000000,1970-01-01T00:00:00Z,Klub Staking,omniflixvaloper1p0mwlwed3fmclupzcyf9vept3uksut4mrljhck,F1B5BFA59F5DB8367B20650948B31A306E2E0A53
chain,rank,tokens,jailed_until,moniker,operator_address,hex_address
OSMOSIS,17,3445638713229,1970-01-01T00:00:00Z,StakeLab,osmovaloper16q8xd335y38xk2ul67mjg27vdnrcnklt4wx6kt,9E7CAE009EFFF4D163F3FB8781A07B25C2B10B32
OSMOSIS,180,591561006,1970-01-01T00:00:00Z,BlockHunters üéØ,osmovaloper1symf474wnypes2d3mecllqk6l26rwz8m720t3k,D807A55C7D69A84FB759FB0BD96BB4DA50ADBA27
OSMOSIS,3,12224958206718,1970-01-01T00:00:00Z,Chorus One,osmovaloper15urq2dtp9qce4fyc85m6upwm9xul3049wh9czc,E08FBA0FE999707D1496BAAB743EAB27784DC1C5
OSMOSIS,30,1943883031091,1970-01-01T00:00:00Z,StakeWithUs,osmovaloper1c9ye54e3pzwm3e0zpdlel6pnavrj9qqv5qgdz9,3E88E7C54F64642A98B2E1DDD5BDBA48794F06C7
OSMOSIS,45,1088408930671,1970-01-01T00:00:00Z,Klub Staking,osmovaloper16vnsrhxsyamf4f4eln6g587qwwd39fte2m2ysc,3FF6C988799C1ADF3ACA0DA56143C8163890859A
OSMOSIS,112,265957228596,1970-01-01T00:00:00Z,Stakely.io,osmovaloper1z5xyynz9ewuf044uaweswldut34z34z3cwpt7y,C9E615289D1D92E50292C3B0BD8358D9B2E40290
OSMOSIS,64,750116850642,1970-01-01T00:00:00Z,Bro_n_Bro,osmovaloper13tk45jkxgf7w0nxquup3suwaz2tx483xe832ge,63481F6DCAAF733D2FC953A335C2200EE190862C
OSMOSIS,73,605366272707,1970-01-01T00:00:00Z,AutoStake üõ°Ô∏è Slash Protected,osmovaloper1pxphtfhqnx9ny27d53z4052e3r76e7qq495ehm,68A393C7ED496871150C0A7CAD0CAC09B8E458FB
OSMOSIS,14,3654978921106,1970-01-01T00:00:00Z,Citadel.one,osmovaloper1lzhlnpahvznwfv4jmay2tgaha5kmz5qxwmj9we,99063B919404B6950A79A6A31E370378FE07020D
OSMOSIS,54,927698006664,1970-01-01T00:00:00Z,polkachu.com,osmovaloper1gp957czryfgyvxwn3tfnyy2f0t9g2p4phpkatp,51D7D05A659208A6576190AEBBE8F07603851515
chain,rank,tokens,jailed_until,moniker,operator_address,hex_address
PERSISTENCE,45,417460732115,1970-01-01T00:00:00Z,Klub Staking,persistencevaloper18huc90klzgcc23mmaf6pzmsln8p9a5ve2kd4vk,E8C16AD7212CE50D012A4739BD2C3C3A83DF5758
PERSISTENCE,49,381711051811,1970-01-01T00:00:00Z,AutoStake üõ°Ô∏è Slash Protected,persistencevaloper16jd664rd04j5lyckykjedt7vrha7k822vlkxty,544812EA4B0982E56D4B4D8A087B58AC76603660
PERSISTENCE,66,250446836614,1970-01-01T00:00:00Z,polkachu.com,persistencevaloper1gp957czryfgyvxwn3tfnyy2f0t9g2p4pz9tqdf,1A4C03627FDB7D0B39C460AB640C9FCCBF9D99FB
PERSISTENCE,47,409687422927,1970-01-01T00:00:00Z,Stakely.io,persistencevaloper1hmugz9ge5kmfvfaf3ljjzz4phl0rd3mks00v9z,86F06B20724830AE4B48AE7C3200DF40E6B6498C
PERSISTENCE,13,2057911401998,1970-01-01T00:00:00Z,StakeWithUs,persistencevaloper12lkrzza9rem2mv7d247cmxjvh7cql6rcug82qk,0EEFAA96C91E32584A8591488966FFE77609E1F4
PERSISTENCE,53,335619514567,1970-01-01T00:00:00Z,StakeLab,persistencevaloper1r7gdc8ag4ktmrvhed2xp09n3klrjuznwdzsru2,DEFD0657F9107FCD44BF9ACBC6C1B87D852E1D24
PERSISTENCE,22,1322773994551,1970-01-01T00:00:00Z,Chorus One,persistencevaloper15urq2dtp9qce4fyc85m6upwm9xul3049mnc9ys,30DE14BFCFB2B8513F7E6FAC893436C3A664FC8E
PERSISTENCE,104,495562429375,9999-12-31T23:59:59Z,Stakin,persistencevaloper1xykmyvzk88qrlqh3wuw4jckewleyygupsumyj5,A24D21F24C861FFC978D92751A3EB06D7F36E3BB
PERSISTENCE,27,1116160446245,1970-01-01T00:00:00Z,Citadel.one,persistencevaloper1tv288tg8fa0a53742949m4swph0x2mfg7jsc22,A5B2A74E93FD8280E0477A634974581E56463548
chain,rank,tokens,jailed_until,moniker,operator_address,hex_address
PROVENANCE,39,13032041988594,2022-10-06T00:27:04.539668683Z,Oldcat,pbvaloper193vx4up30syusen7mtzjjza0nn585gxtvetwe2,18CBFC7118FD4C08176ABB97C48CDD6D6630113B
chain,rank,tokens,jailed_until,moniker,operator_address,hex_address
REGEN,68,112685568685,1970-01-01T00:00:00Z,StakeLab,regenvaloper1gjvu75cq6qxyrtdv66lx9xe92jw9gqdetagaze,1B62410E3C11A278E7F2DE06153D629957416A11
REGEN,41,1131262508571,1970-01-01T00:00:00Z,Stakely.io,regenvaloper1kzhxmgp8z05zrj90nd8h5qx9pm949an5y7nwsz,423AE5251C0A97403C6E08FFCDD0D1BDAD663F0C
REGEN,32,1351917274644,1970-01-01T00:00:00Z,Citadel.one,regenvaloper15t7cmpmlgzllvs2wv4zly3lhsd0yd02ktppmsm,4B8342A1F8E89F8FDA2DCDE316EDD4AB4A5FA822
REGEN,40,1141206281653,1970-01-01T00:00:00Z,Stakin,regenvaloper16dxk5trv9nz7jnpyvz48ngve45an4hkqkuafza,5B5C2F061733B185619AF94D4A577FD6C0A54C2E
REGEN,3,4659176768890,1970-01-01T00:00:00Z,Chorus One,regenvaloper15urq2dtp9qce4fyc85m6upwm9xul3049l7gjdc,FC7E26051B1773BA3E39B75019D28C36F66DED5E
chain,rank,tokens,jailed_until,moniker,operator_address,hex_address
RIZON,47,2272153726243,1970-01-01T00:00:00Z,StakeLab,rizonvaloper1494l9eavjxecx8faxnfx7k5c4x6xneye5rzs2a,B25DE9D5F2A6D1E05C99DEC60CB28D46A0750DFD
RIZON,23,13521511670469,1970-01-01T00:00:00Z,Citadel.one,rizonvaloper1t7g0jeqhh46jkpyhfjnwsa2fr35k4zjrp35dzc,59C9E4077578B1FE5AF8284A8C3A69CDEDB479B7
RIZON,99,1874812500,2022-03-15T05:57:24.491819779Z,BlockHunters üéØ,rizonvaloper1ss7vkqzfal7h4m8ug8lh8peqqyt7vq3sg80gvs,464D9140DAD16F79CE2A93AA8BC55BDA4C239F52
chain,rank,tokens,jailed_until,moniker,operator_address,hex_address
SECRET,30,1734642876053,1970-01-01T00:00:00Z,AutoStake üõ°Ô∏è Slash Protected,secretvaloper12y30xefd0wg53xtyv9lw7mjcdvf8nxgzzva3sr,C2A4856A7EC5E1AEE6712B5F84AD0ACDE44D1F8F
SECRET,1,14826574882764,1970-01-01T00:00:00Z,Citadel.one,secretvaloper1x76f2c2cuwa4e3lttjgqeqva0725ftmqvgvfnv,2E76AE6E453395F35D6C0728D44FB6147CE5B5A0
SECRET,40,1163246412747,1970-01-01T00:00:00Z,StakeLab,secretvaloper16w5hlcf389le2n60t32eqf43plp539ged9sruy,EEA713C5DA7B8F682242B47055B4DE7FFB431021
SECRET,51,611866446769,1970-01-01T00:00:00Z,Stakely.io,secretvaloper1vzkdmu0sa8gaj686jh5all7hpmmsp8x87vyz8z,10A163F613F952A848678462C6AD23798A80C565
SECRET,23,1981452704612,2022-11-03T11:28:57.709960605Z,Chorus One,secretvaloper15urq2dtp9qce4fyc85m6upwm9xul30490eylnc,035C0FDD9FBB94C2892D97BB1A6B0AE264BD3018
chain,rank,tokens,jailed_until,moniker,operator_address,hex_address
SENTINEL,49,104433576034285,1970-01-01T00:00:00Z,StakeWithUs,sentvaloper1c9ye54e3pzwm3e0zpdlel6pnavrj9qqvzj62gk,D7277724DF35B04608F41ACF910A8CAE99304D15
SENTINEL,56,89837166553823,1970-01-01T00:00:00Z,Klub Staking,sentvaloper16ja8llaa3lq8zaag4cgp0enqhpf2yhhme5w3zu,163CDAC3272954D67295BC7B952C7FD2A78E005D
SENTINEL,25,169359545768293,1970-01-01T00:00:00Z,Citadel.one,sentvaloper1wmeez9g4tepgfnt66989tf4j2zzfwckfhgy0gh,3718B5484425605AFBD5483AD590CA1E85429DDD
SENTINEL,53,100355985313742,1970-01-01T00:00:00Z,Stakin,sentvaloper13gmgxsxdvmytnr75uscuw350n6f0qfrvgdacw4,B0A775D0DEA4C1D6CFA7A9543C351428E70778C3
SENTINEL,8,274206518376960,1970-01-01T00:00:00Z,StakeLab,sentvaloper1gwqt4jzhtvms8u57gpl4tzxjxqq8fss2j3hx48,B856AB9B2B6562F49B14F6AC9547CEB3568D2537
SENTINEL,5,338758606857746,1970-01-01T00:00:00Z,AutoStake üõ°Ô∏è Slash Protected,sentvaloper138dhtmfslt0ls4ec0jumj8tyajry4dfuv27jay,9F478F8D407008B415BA721548A8A2D010254E19
chain,rank,tokens,jailed_until,moniker,operator_address,hex_address
SIFCHAIN,7,41809836427612389142205280,2022-04-28T16:19:10.162287250Z,Oldcat,sifvaloper1gstrmcv3tqrskdj7uqu4x4tkh8nfw4qp9f85pm,2C9CB8FEFD645A928F080FC52CE9E374EC412C12
SIFCHAIN,1,89930120983698014544689644,2021-03-04T07:12:03.868267489Z,AutoStake üõ°Ô∏è Slash Protected,sifvaloper1lnhxf6war6qlldemkqzp0t3g57hpe9a6nh3tyv,E9F31461680B2980839166C396D56DC57D1761C7
SIFCHAIN,25,11662775162985056188985715,2022-03-05T03:05:49.675606080Z,StakeLab,sifvaloper1kttxh8lxsmez56pen3cw307raf45fj9vmvwn5j,92581698028379A1C3E16BCEB6C6DD91963B7828
SIFCHAIN,2,85034447346008704036006689,2022-05-02T10:20:28.006581951Z,Citadel.one,sifvaloper1nh90hjeljehpcmuvu3ldw59842kvhgn286nv8k,2D617412C072CE9808BC91C5298BD0F8777D6ADF
SIFCHAIN,15,24679342786584447809298762,2021-04-30T12:08:32.812317796Z,Stakely.io,sifvaloper1r9ssdmc2xm3kv2y5m35mhrvnqms4pjw27umt2l,81ACC9DF6B47D6E78C32E3F34686EE8B70A2F788
SIFCHAIN,40,4427461871669903715655029,1970-01-01T00:00:00Z,StakeWithUs,sifvaloper1c9ye54e3pzwm3e0zpdlel6pnavrj9qqv2n5zvt,F3B964EE62878E7BDDB75B9C2C9974897849644F
SIFCHAIN,61,2214615075896389932952360,2022-10-02T06:32:28.601646035Z,Klub Staking,sifvaloper1a4g9kg9dkugrukq3drh6gva8ses5ekw6gdrspn,831DDCE09E0CB3B4AE2A70AED9EBEB6B5B6F02B9
SIFCHAIN,10,33606478872134001359970438,1970-01-01T00:00:00Z,polkachu.com,sifvaloper1gp957czryfgyvxwn3tfnyy2f0t9g2p4pfj2j90,49BE27EB39A1BBB185E7457CD8FD6D221FDE9924
chain,rank,tokens,jailed_until,moniker,operator_address,hex_address
STARGAZE,31,7671023342950,1970-01-01T00:00:00Z,polkachu.com,starsvaloper1gp957czryfgyvxwn3tfnyy2f0t9g2p4p60w86a,A73D4185F152F72E7439B3A9BD6E60A6DD68792B
STARGAZE,7,15505189733332,1970-01-01T00:00:00Z,Citadel.one,starsvaloper1qv2tdjma7dcg6jmgawwd0aajjcx89rqca0cqgr,95D466FA857DD36CB6A7A8690B33A7D798A7E656
STARGAZE,12,12173565779724,1970-01-01T00:00:00Z,Bro_n_Bro,starsvaloper1y58hfnm90r4efhlydx0gavz57lvm7k6uulkg3h,9679E0B7943D9738706B13A73B0424F0B3EF83A3
STARGAZE,57,4034743973457,1970-01-01T00:00:00Z,Stakin,starsvaloper1swer6tl0s59g82xnq5gmgsdueld79wpw8vptlu,0D34A3837BFCEDE10092FB8923D10AB58A1D936E
STARGAZE,4,24711089297173,1970-01-01T00:00:00Z,StakeLab,starsvaloper1mz2qks48v486d9m8wp4l9fxm2e9l0e0kzk79m5,A4766870CAF6D0C052268BB3BE1E904FC3E4188C
STARGAZE,9,13472547865210,1970-01-01T00:00:00Z,Chorus One,starsvaloper16pj5gljqnqs0ajxakccfjhu05yczp987esm6lu,53B24809873F5B4BFFE1DD46E8D1F3E7728CE976
chain,rank,tokens,jailed_until,moniker,operator_address,hex_address
STARNAME,6,5736452454884,1970-01-01T00:00:00Z,StakeLab,starvaloper19cx56quwsd03s4xfzkx39je4ag9c5lcvkhn3rv,8EDD3CCC261A9D73D7C36233CB30596540D6A0CA
STARNAME,10,1184135867348,1970-01-01T00:00:00Z,Citadel.one,starvaloper1y0w5qhdf6aj90u7knykdetqus4nc2axgkrt8vn,21CE102F23DA38A026B985D25CE0CC7CEAC94610
STARNAME,3,11136243330592,1970-01-01T00:00:00Z,StakeWithUs,starvaloper180s323zw79duje02tqwt0pzz7tmtf5t3k4vsp2,3B4F5C11663DC10A6D32403F945DED42AE1DD362
chain,rank,tokens,jailed_until,moniker,operator_address,hex_address
chain,rank,tokens,jailed_until,moniker,operator_address,hex_address
UMEE,11,85737403903381,1970-01-01T00:00:00Z,Citadel.one,umeevaloper148lf9ndu40fmy44ku74v65lqp8mwqej9nz0s54,9524D7D9C8CADD554FB8E5CC68985852A9650CA5
UMEE,51,26585928324660,1970-01-01T00:00:00Z,Genesis Lab,umeevaloper1mkv4myppz2w0d3nr2dh9fv5kcwaaqnzfvnm6qf,CDF33DE43CF12FF9EEA79B25CFB3E41FFA607E23
UMEE,54,24268767426390,1970-01-01T00:00:00Z,AutoStake üõ°Ô∏è Slash Protected,umeevaloper1py60fpud4w468zn7mthfa25xnzuawjum7w90q2,C75E6807674833521DE757DCB23C2FCB0EF9CCE9
UMEE,30,39354056887469,1970-01-01T00:00:00Z,polkachu.com,umeevaloper1gp957czryfgyvxwn3tfnyy2f0t9g2p4phlh7lv,5E17B3460DA45498B766E3E5E9168775285BB9FC
UMEE,12,79731193324779,1970-01-01T00:00:00Z,Stakin,umeevaloper10nsytn9zmtfnhk37hqfe2h9v599ld3h5zs9fqj,19C549AB699778013DB534320883D236632E5B37
UMEE,76,14417832993260,1970-01-01T00:00:00Z,StakeLab,umeevaloper1gxgsq7jpkg0f8vfkk60c4rd30z4cgs6lyqtglf,55678EE8200A94A273B8BDAA32AA36E36057721B
